{
  "type": "FeatureCollection",
  "generator": "overpass-turbo",
  "copyright": "The data included in this document is from www.openstreetmap.org. The data is made available under ODbL.",
  "timestamp": "2026-09-19T10:22:20Z",
  "features": [
    {
      "type": "Feature",
      "properties": {
        "@id": "way/1181111294",
        "area": "yes",
        "highway": "pedestrian"
      },
      "geometry": {
        "type": "Polygon",
        "coordinates": [
          [
            [
              106.7044589,
              10.7901835
            ],
            [
              106.7041226,
              10.7904941
            ],
            [
              106.7038452,
              10.7902042
            ],
            [
              106.7041814,
              10.7898936
            ],
            [
              106.7044589,
              10.7901835
            ]
          ]
        ]
      },
      "id": "way/1181111294"
    },
    {
      "type": "Feature",
      "properties": {
        "@id": "way/35113881",
        "highway": "service",
        "name": "Hẻm 3 Hoàng Sa",
        "service": "alley"
      },
      "geometry": {
        "type": "LineString",
        "coordinates": [
          [
            106.7048914,
            10.791516
          ],
          [
            106.7048064,
            10.7914277
          ],
          [
            106.7047446,
            10.7913305
          ],
          [
            106.7046513,
            10.791237
          ],
          [
            106.7045629,
            10.7911273
          ]
        ]
      },
      "id": "way/35113881"
    },
    {
      "type": "Feature",
      "properties": {
        "@id": "way/35115089",
        "bicycle": "yes",
        "foot": "yes",
        "highway": "service",
        "motorcycle": "yes",
        "name": "Hẻm 2A Đường Nguyễn Thị Minh Khai",
        "service": "alley",
        "surface": "asphalt"
      },
      "geometry": {
        "type": "LineString",
        "coordinates": [
          [
            106.7046814,
            10.7909801
          ],
          [
            106.705218,
            10.7905326
          ],
          [
            106.7052462,
            10.7905044
          ]
        ]
      },
      "id": "way/35115089"
    },
    {
      "type": "Feature",
      "properties": {
        "@id": "way/35115118",
        "bicycle": "yes",
        "foot": "yes",
        "highway": "service",
        "motorcycle": "yes",
        "name": "Hẻm 2Bis Nguyễn Thị Minh Khai",
        "name:en": "Hem 2bis Nguyen Thi Minh Khai",
        "surface": "asphalt"
      },
      "geometry": {
        "type": "LineString",
        "coordinates": [
          [
            106.7047871,
            10.7900176
          ],
          [
            106.7047602,
            10.7900426
          ],
          [
            106.7038531,
            10.7908836
          ]
        ]
      },
      "id": "way/35115118"
    },
    {
      "type": "Feature",
      "properties": {
        "@id": "way/35115362",
        "bridge": "yes",
        "footway": "sidewalk",
        "highway": "footway",
        "layer": "1"
      },
      "geometry": {
        "type": "LineString",
        "coordinates": [
          [
            106.7056953,
            10.7910297
          ],
          [
            106.7060874,
            10.7914437
          ],
          [
            106.7072289,
            10.7926777
          ]
        ]
      },
      "id": "way/35115362"
    },
    {
      "type": "Feature",
      "properties": {
        "@id": "way/77183562",
        "access": "permit",
        "highway": "service"
      },
      "geometry": {
        "type": "LineString",
        "coordinates": [
          [
            106.7056678,
            10.7879686
          ],
          [
            106.7057963,
            10.7878552
          ],
          [
            106.7059718,
            10.7877001
          ],
          [
            106.7060466,
            10.7876341
          ]
        ]
      },
      "id": "way/77183562"
    },
    {
      "type": "Feature",
      "properties": {
        "@id": "way/77183565",
        "highway": "footway"
      },
      "geometry": {
        "type": "LineString",
        "coordinates": [
          [
            106.7079827,
            10.787217
          ],
          [
            106.7080039,
            10.7872648
          ],
          [
            106.7080173,
            10.7873153
          ],
          [
            106.7080224,
            10.7873672
          ],
          [
            106.7080192,
            10.7874193
          ],
          [
            106.7080123,
            10.7874539
          ],
          [
            106.708001,
            10.7874873
          ],
          [
            106.7079855,
            10.7875191
          ],
          [
            106.7079704,
            10.7875428
          ],
          [
            106.7079529,
            10.7875649
          ],
          [
            106.7079147,
            10.7876064
          ],
          [
            106.7078716,
            10.787643
          ],
          [
            106.7078384,
            10.7876655
          ],
          [
            106.7078034,
            10.7876851
          ],
          [
            106.7077307,
            10.7877194
          ],
          [
            106.7076614,
            10.7877434
          ],
          [
            106.7075899,
            10.7877602
          ],
          [
            106.707386,
            10.7878062
          ],
          [
            106.7072176,
            10.7879687
          ],
          [
            106.7071759,
            10.7880136
          ],
          [
            106.7070702,
            10.7880332
          ],
          [
            106.7069586,
            10.7880533
          ]
        ]
      },
      "id": "way/77183565"
    },
    {
      "type": "Feature",
      "properties": {
        "@id": "way/77183566",
        "highway": "footway"
      },
      "geometry": {
        "type": "LineString",
        "coordinates": [
          [
            106.7063754,
            10.7881385
          ],
          [
            106.7062044,
            10.7882936
          ],
          [
            106.706114,
            10.7883744
          ]
        ]
      },
      "id": "way/77183566"
    },
    {
      "type": "Feature",
      "properties": {
        "@id": "way/77183567",
        "highway": "footway"
      },
      "geometry": {
        "type": "LineString",
        "coordinates": [
          [
            106.707447,
            10.7861882
          ],
          [
            106.7074406,
            10.7859752
          ],
          [
            106.7074357,
            10.7858104
          ],
          [
            106.7074639,
            10.7853691
          ]
        ]
      },
      "id": "way/77183567"
    },
    {
      "type": "Feature",
      "properties": {
        "@id": "way/77183570",
        "highway": "footway"
      },
      "geometry": {
        "type": "LineString",
        "coordinates": [
          [
            106.7066733,
            10.7884582
          ],
          [
            106.7068368,
            10.7886403
          ]
        ]
      },
      "id": "way/77183570"
    },
    {
      "type": "Feature",
      "properties": {
        "@id": "way/77183571",
        "highway": "footway"
      },
      "geometry": {
        "type": "LineString",
        "coordinates": [
          [
            106.7057963,
            10.7878552
          ],
          [
            106.706,
            10.7880741
          ],
          [
            106.7061076,
            10.7881896
          ],
          [
            106.7062044,
            10.7882936
          ],
          [
            106.706415,
            10.7885199
          ]
        ]
      },
      "id": "way/77183571"
    },
    {
      "type": "Feature",
      "properties": {
        "@id": "way/77183572",
        "highway": "footway"
      },
      "geometry": {
        "type": "LineString",
        "coordinates": [
          [
            106.7079827,
            10.787217
          ],
          [
            106.7078823,
            10.7871489
          ],
          [
            106.707567,
            10.7867827
          ]
        ]
      },
      "id": "way/77183572"
    },
    {
      "type": "Feature",
      "properties": {
        "@id": "way/77183573",
        "highway": "footway"
      },
      "geometry": {
        "type": "LineString",
        "coordinates": [
          [
            106.7067626,
            10.787806
          ],
          [
            106.7067801,
            10.787795
          ],
          [
            106.7067993,
            10.7877875
          ],
          [
            106.7068203,
            10.7877837
          ],
          [
            106.7068415,
            10.7877839
          ],
          [
            106.7068624,
            10.7877882
          ],
          [
            106.7068776,
            10.7877985
          ],
          [
            106.7068882,
            10.7878132
          ],
          [
            106.706893,
            10.787832
          ],
          [
            106.7068905,
            10.7878511
          ],
          [
            106.7068904,
            10.7878681
          ],
          [
            106.7068984,
            10.7878832
          ],
          [
            106.7069138,
            10.7878932
          ],
          [
            106.7069323,
            10.7878943
          ],
          [
            106.7069471,
            10.7878943
          ],
          [
            106.7069611,
            10.7878988
          ],
          [
            106.7069732,
            10.7879073
          ],
          [
            106.7069848,
            10.7879248
          ],
          [
            106.7069876,
            10.7879455
          ],
          [
            106.7069811,
            10.7879654
          ],
          [
            106.7069687,
            10.7879846
          ],
          [
            106.7069606,
            10.7880059
          ],
          [
            106.706957,
            10.7880295
          ],
          [
            106.7069586,
            10.7880533
          ],
          [
            106.7069569,
            10.7880695
          ],
          [
            106.7069499,
            10.7880843
          ],
          [
            106.7069338,
            10.7880985
          ],
          [
            106.7069196,
            10.7881046
          ],
          [
            106.7069009,
            10.7881054
          ],
          [
            106.7068835,
            10.7881019
          ],
          [
            106.7068673,
            10.7880945
          ],
          [
            106.7068533,
            10.7880836
          ],
          [
            106.7068362,
            10.7880761
          ],
          [
            106.7068177,
            10.7880731
          ],
          [
            106.706799,
            10.7880747
          ],
          [
            106.7067823,
            10.7880741
          ],
          [
            106.7067665,
            10.7880685
          ],
          [
            106.7067531,
            10.7880586
          ],
          [
            106.7067425,
            10.7880436
          ],
          [
            106.7067375,
            10.7880261
          ],
          [
            106.7067387,
            10.7880079
          ],
          [
            106.706747,
            10.7879914
          ],
          [
            106.7067487,
            10.787973
          ],
          [
            106.7067438,
            10.7879559
          ],
          [
            106.7067332,
            10.7879416
          ],
          [
            106.7067182,
            10.7879318
          ],
          [
            106.7067066,
            10.787923
          ],
          [
            106.7066979,
            10.7879114
          ],
          [
            106.7066927,
            10.7878979
          ],
          [
            106.7066917,
            10.7878809
          ],
          [
            106.7066964,
            10.7878645
          ],
          [
            106.7067061,
            10.7878505
          ],
          [
            106.7067626,
            10.787806
          ]
        ]
      },
      "id": "way/77183573"
    },
    {
      "type": "Feature",
      "properties": {
        "@id": "way/77183574",
        "highway": "footway"
      },
      "geometry": {
        "type": "LineString",
        "coordinates": [
          [
            106.7063744,
            10.7879472
          ],
          [
            106.7064447,
            10.7878834
          ]
        ]
      },
      "id": "way/77183574"
    },
    {
      "type": "Feature",
      "properties": {
        "@id": "way/77183575",
        "highway": "footway"
      },
      "geometry": {
        "type": "LineString",
        "coordinates": [
          [
            106.7074406,
            10.7859752
          ],
          [
            106.7074922,
            10.7859948
          ],
          [
            106.7075457,
            10.7860087
          ],
          [
            106.7076067,
            10.7860174
          ],
          [
            106.7076684,
            10.7860186
          ],
          [
            106.7077951,
            10.785931
          ],
          [
            106.7078065,
            10.7859239
          ],
          [
            106.7078197,
            10.7859212
          ],
          [
            106.707833,
            10.7859231
          ],
          [
            106.7078455,
            10.78593
          ],
          [
            106.7078545,
            10.7859409
          ],
          [
            106.7078588,
            10.7859544
          ],
          [
            106.707867,
            10.7859778
          ],
          [
            106.7078796,
            10.7859992
          ],
          [
            106.7078959,
            10.7860176
          ],
          [
            106.7079155,
            10.7860328
          ],
          [
            106.7079874,
            10.7860829
          ]
        ]
      },
      "id": "way/77183575"
    },
    {
      "type": "Feature",
      "properties": {
        "@id": "way/77183577",
        "highway": "footway"
      },
      "geometry": {
        "type": "LineString",
        "coordinates": [
          [
            106.7061076,
            10.7881896
          ],
          [
            106.7060174,
            10.7882715
          ]
        ]
      },
      "id": "way/77183577"
    },
    {
      "type": "Feature",
      "properties": {
        "@id": "way/77183581",
        "highway": "footway"
      },
      "geometry": {
        "type": "LineString",
        "coordinates": [
          [
            106.7068673,
            10.7880945
          ],
          [
            106.7068322,
            10.7881383
          ],
          [
            106.7067512,
            10.7882124
          ],
          [
            106.7065847,
            10.7883647
          ],
          [
            106.706415,
            10.7885199
          ],
          [
            106.7063265,
            10.7886008
          ]
        ]
      },
      "id": "way/77183581"
    },
    {
      "type": "Feature",
      "properties": {
        "@id": "way/77183583",
        "highway": "footway"
      },
      "geometry": {
        "type": "LineString",
        "coordinates": [
          [
            106.7062019,
            10.7876227
          ],
          [
            106.706363,
            10.7877956
          ],
          [
            106.7064447,
            10.7878834
          ],
          [
            106.7067512,
            10.7882124
          ],
          [
            106.7070316,
            10.7885092
          ]
        ]
      },
      "id": "way/77183583"
    },
    {
      "type": "Feature",
      "properties": {
        "@id": "way/77183585",
        "highway": "footway"
      },
      "geometry": {
        "type": "LineString",
        "coordinates": [
          [
            106.7069338,
            10.7880985
          ],
          [
            106.7069643,
            10.7881457
          ],
          [
            106.7071595,
            10.7884182
          ]
        ]
      },
      "id": "way/77183585"
    },
    {
      "type": "Feature",
      "properties": {
        "@id": "way/77183588",
        "highway": "footway"
      },
      "geometry": {
        "type": "LineString",
        "coordinates": [
          [
            106.7065884,
            10.7883687
          ],
          [
            106.7066065,
            10.7883572
          ],
          [
            106.7066276,
            10.7883524
          ],
          [
            106.706649,
            10.788355
          ],
          [
            106.7066683,
            10.7883646
          ],
          [
            106.7066831,
            10.7883801
          ],
          [
            106.7066915,
            10.7883997
          ],
          [
            106.7066927,
            10.7884209
          ],
          [
            106.7066864,
            10.7884412
          ],
          [
            106.7066733,
            10.7884582
          ],
          [
            106.7066552,
            10.7884698
          ],
          [
            106.7066341,
            10.7884746
          ],
          [
            106.7066127,
            10.788472
          ],
          [
            106.7065934,
            10.7884623
          ],
          [
            106.7065786,
            10.7884468
          ],
          [
            106.7065702,
            10.7884273
          ],
          [
            106.706569,
            10.788406
          ],
          [
            106.7065753,
            10.7883857
          ],
          [
            106.7065884,
            10.7883687
          ]
        ]
      },
      "id": "way/77183588"
    },
    {
      "type": "Feature",
      "properties": {
        "@id": "way/77183589",
        "highway": "footway"
      },
      "geometry": {
        "type": "LineString",
        "coordinates": [
          [
            106.7057599,
            10.7869778
          ],
          [
            106.7058847,
            10.7869988
          ],
          [
            106.7059672,
            10.7870156
          ],
          [
            106.7060483,
            10.7870376
          ],
          [
            106.7061216,
            10.7870625
          ],
          [
            106.7061932,
            10.7870916
          ],
          [
            106.7062604,
            10.7871343
          ],
          [
            106.7063226,
            10.7871838
          ],
          [
            106.7063639,
            10.7872235
          ],
          [
            106.706402,
            10.7872662
          ],
          [
            106.7064366,
            10.7873116
          ],
          [
            106.7064846,
            10.7873856
          ],
          [
            106.70657,
            10.7875173
          ],
          [
            106.7067626,
            10.787806
          ]
        ]
      },
      "id": "way/77183589"
    },
    {
      "type": "Feature",
      "properties": {
        "@id": "way/77184675",
        "highway": "footway"
      },
      "geometry": {
        "type": "LineString",
        "coordinates": [
          [
            106.7051149,
            10.7877754
          ],
          [
            106.7053183,
            10.787592
          ],
          [
            106.7056131,
            10.7873261
          ]
        ]
      },
      "id": "way/77184675"
    },
    {
      "type": "Feature",
      "properties": {
        "@id": "way/79157184",
        "foot": "yes",
        "highway": "service",
        "name": "Hẻm 11 Phan Huy Ôn",
        "service": "alley"
      },
      "geometry": {
        "type": "LineString",
        "coordinates": [
          [
            106.7081943,
            10.7911486
          ],
          [
            106.7080501,
            10.7910431
          ],
          [
            106.7080725,
            10.7910194
          ],
          [
            106.7081941,
            10.7908906
          ],
          [
            106.708288,
            10.7910163
          ],
          [
            106.7081943,
            10.7911486
          ],
          [
            106.7080031,
            10.7914184
          ]
        ]
      },
      "id": "way/79157184"
    },
    {
      "type": "Feature",
      "properties": {
        "@id": "way/165420592",
        "highway": "service"
      },
      "geometry": {
        "type": "LineString",
        "coordinates": [
          [
            106.7032611,
            10.7860394
          ],
          [
            106.7035068,
            10.7858193
          ],
          [
            106.7035551,
            10.7857756
          ]
        ]
      },
      "id": "way/165420592"
    },
    {
      "type": "Feature",
      "properties": {
        "@id": "way/186347713",
        "highway": "service",
        "name": "Hẻm 7 Nguyễn Thị Minh Khai",
        "oneway": "no",
        "surface": "asphalt"
      },
      "geometry": {
        "type": "LineString",
        "coordinates": [
          [
            106.7025996,
            10.7876142
          ],
          [
            106.7031787,
            10.787072
          ],
          [
            106.7032437,
            10.7871355
          ],
          [
            106.7036352,
            10.7867808
          ]
        ]
      },
      "id": "way/186347713"
    },
    {
      "type": "Feature",
      "properties": {
        "@id": "way/193268181",
        "highway": "service",
        "motorcar": "destination",
        "motorcycle": "yes",
        "name": "Hẻm 10 Nguyễn Thị Minh Khai",
        "surface": "asphalt"
      },
      "geometry": {
        "type": "LineString",
        "coordinates": [
          [
            106.7025837,
            10.7886499
          ],
          [
            106.7028145,
            10.7884666
          ],
          [
            106.7030795,
            10.7882186
          ]
        ]
      },
      "id": "way/193268181"
    },
    {
      "type": "Feature",
      "properties": {
        "@id": "way/193268187",
        "access": "permit",
        "highway": "service",
        "oneway": "yes"
      },
      "geometry": {
        "type": "LineString",
        "coordinates": [
          [
            106.7056678,
            10.7879686
          ],
          [
            106.7057588,
            10.7879959
          ],
          [
            106.7059075,
            10.7881543
          ],
          [
            106.7060174,
            10.7882715
          ],
          [
            106.706114,
            10.7883744
          ],
          [
            106.7063265,
            10.7886008
          ],
          [
            106.7063843,
            10.7886624
          ],
          [
            106.7064735,
            10.7888303
          ]
        ]
      },
      "id": "way/193268187"
    },
    {
      "type": "Feature",
      "properties": {
        "@id": "way/193427274",
        "highway": "service",
        "name": "Hẻm 25 Đường Nguyễn Bỉnh Khiêm",
        "service": "alley"
      },
      "geometry": {
        "type": "LineString",
        "coordinates": [
          [
            106.7038268,
            10.7877299
          ],
          [
            106.7041788,
            10.787417
          ],
          [
            106.7041339,
            10.7873658
          ]
        ]
      },
      "id": "way/193427274"
    },
    {
      "type": "Feature",
      "properties": {
        "@id": "way/193427293",
        "highway": "service",
        "motorcar": "destination",
        "name": "Hẻm 25 Nguyễn Bỉnh Khiêm",
        "service": "alley"
      },
      "geometry": {
        "type": "LineString",
        "coordinates": [
          [
            106.7041462,
            10.7880479
          ],
          [
            106.7040718,
            10.7879738
          ],
          [
            106.7039973,
            10.7878997
          ],
          [
            106.7038268,
            10.7877299
          ]
        ]
      },
      "id": "way/193427293"
    },
    {
      "type": "Feature",
      "properties": {
        "@id": "way/193427295",
        "highway": "service",
        "service": "alley"
      },
      "geometry": {
        "type": "LineString",
        "coordinates": [
          [
            106.7038268,
            10.7877299
          ],
          [
            106.7036176,
            10.7875191
          ],
          [
            106.7036148,
            10.7874851
          ],
          [
            106.7036417,
            10.7874374
          ],
          [
            106.7036872,
            10.7873876
          ],
          [
            106.7037864,
            10.7872981
          ],
          [
            106.7038134,
            10.7872504
          ],
          [
            106.7038375,
            10.7872135
          ],
          [
            106.7038563,
            10.7871792
          ],
          [
            106.7038643,
            10.787145
          ]
        ]
      },
      "id": "way/193427295"
    },
    {
      "type": "Feature",
      "properties": {
        "@id": "way/220686185",
        "highway": "service",
        "name": "Hẻm 27 Nguyễn Bỉnh Khiêm",
        "service": "driveway",
        "surface": "asphalt"
      },
      "geometry": {
        "type": "LineString",
        "coordinates": [
          [
            106.7031826,
            10.7889408
          ],
          [
            106.7028854,
            10.7886448
          ]
        ]
      },
      "id": "way/220686185"
    },
    {
      "type": "Feature",
      "properties": {
        "@id": "way/220686534",
        "highway": "service",
        "surface": "asphalt"
      },
      "geometry": {
        "type": "LineString",
        "coordinates": [
          [
            106.702482,
            10.7895899
          ],
          [
            106.7025171,
            10.7896261
          ],
          [
            106.702534,
            10.7896436
          ],
          [
            106.7030182,
            10.7901433
          ],
          [
            106.7033454,
            10.7904811
          ]
        ]
      },
      "id": "way/220686534"
    },
    {
      "type": "Feature",
      "properties": {
        "@id": "way/469595440",
        "access": "permit",
        "highway": "service",
        "oneway": "yes"
      },
      "geometry": {
        "type": "LineString",
        "coordinates": [
          [
            106.7064735,
            10.7888303
          ],
          [
            106.7063148,
            10.7887253
          ],
          [
            106.7062692,
            10.7886768
          ],
          [
            106.7060716,
            10.7884663
          ],
          [
            106.7059768,
            10.7883653
          ],
          [
            106.7058776,
            10.7882596
          ],
          [
            106.7056892,
            10.7880589
          ],
          [
            106.7056678,
            10.7879686
          ]
        ]
      },
      "id": "way/469595440"
    },
    {
      "type": "Feature",
      "properties": {
        "@id": "way/472237067",
        "highway": "footway"
      },
      "geometry": {
        "type": "LineString",
        "coordinates": [
          [
            106.7066751,
            10.7918124
          ],
          [
            106.7069526,
            10.7914957
          ],
          [
            106.7070374,
            10.7913765
          ],
          [
            106.7071518,
            10.7911784
          ],
          [
            106.7072413,
            10.7909243
          ],
          [
            106.7072704,
            10.7908997
          ],
          [
            106.707382,
            10.790578
          ],
          [
            106.7074597,
            10.7903539
          ],
          [
            106.707516,
            10.7902775
          ],
          [
            106.7078003,
            10.789292
          ],
          [
            106.7078835,
            10.789105
          ],
          [
            106.7080605,
            10.788831
          ],
          [
            106.7084172,
            10.78847
          ],
          [
            106.7089842,
            10.787962
          ],
          [
            106.7093131,
            10.7878324
          ],
          [
            106.7093691,
            10.7881977
          ]
        ]
      },
      "id": "way/472237067"
    },
    {
      "type": "Feature",
      "properties": {
        "@id": "way/472237331",
        "highway": "footway"
      },
      "geometry": {
        "type": "LineString",
        "coordinates": [
          [
            106.70657,
            10.7875173
          ],
          [
            106.7066694,
            10.7875879
          ],
          [
            106.7067533,
            10.7876422
          ],
          [
            106.7067718,
            10.7876542
          ],
          [
            106.7069043,
            10.7877312
          ],
          [
            106.7070407,
            10.7878011
          ],
          [
            106.7070851,
            10.787825
          ],
          [
            106.7071249,
            10.7878557
          ],
          [
            106.7071477,
            10.7878788
          ],
          [
            106.7071678,
            10.7879041
          ],
          [
            106.7072176,
            10.7879687
          ],
          [
            106.7073385,
            10.7880751
          ],
          [
            106.7074601,
            10.7882042
          ]
        ]
      },
      "id": "way/472237331"
    },
    {
      "type": "Feature",
      "properties": {
        "@id": "way/472237363",
        "highway": "footway"
      },
      "geometry": {
        "type": "LineString",
        "coordinates": [
          [
            106.7061708,
            10.7879163
          ],
          [
            106.706,
            10.7880741
          ],
          [
            106.7059075,
            10.7881543
          ]
        ]
      },
      "id": "way/472237363"
    },
    {
      "type": "Feature",
      "properties": {
        "@id": "way/472237439",
        "highway": "footway"
      },
      "geometry": {
        "type": "LineString",
        "coordinates": [
          [
            106.7077556,
            10.7856889
          ],
          [
            106.7077723,
            10.785651
          ],
          [
            106.707787,
            10.7856254
          ],
          [
            106.7078038,
            10.785601
          ],
          [
            106.7078427,
            10.7855565
          ],
          [
            106.707888,
            10.7855182
          ],
          [
            106.7079386,
            10.785487
          ],
          [
            106.7081498,
            10.7855206
          ]
        ]
      },
      "id": "way/472237439"
    },
    {
      "type": "Feature",
      "properties": {
        "@id": "way/472237440",
        "highway": "footway"
      },
      "geometry": {
        "type": "LineString",
        "coordinates": [
          [
            106.7074357,
            10.7858104
          ],
          [
            106.7077556,
            10.7856889
          ],
          [
            106.707822,
            10.7856662
          ],
          [
            106.7078903,
            10.7856497
          ],
          [
            106.7079604,
            10.7856395
          ],
          [
            106.7080311,
            10.7856359
          ],
          [
            106.708065,
            10.785638
          ],
          [
            106.7080983,
            10.7856446
          ],
          [
            106.7081304,
            10.7856557
          ],
          [
            106.708171,
            10.7856775
          ],
          [
            106.7082068,
            10.7857064
          ],
          [
            106.7082786,
            10.7858243
          ],
          [
            106.7082878,
            10.7858523
          ],
          [
            106.70829,
            10.7858816
          ],
          [
            106.7082847,
            10.7859117
          ],
          [
            106.7082719,
            10.7859397
          ],
          [
            106.7082526,
            10.7859636
          ]
        ]
      },
      "id": "way/472237440"
    },
    {
      "type": "Feature",
      "properties": {
        "@id": "way/472237445",
        "highway": "footway"
      },
      "geometry": {
        "type": "LineString",
        "coordinates": [
          [
            106.7059718,
            10.7877001
          ],
          [
            106.7061708,
            10.7879163
          ],
          [
            106.7061873,
            10.7879343
          ],
          [
            106.706282,
            10.7878485
          ],
          [
            106.7063744,
            10.7879472
          ],
          [
            106.7064473,
            10.788025
          ],
          [
            106.706352,
            10.7881132
          ],
          [
            106.7063754,
            10.7881385
          ],
          [
            106.7065847,
            10.7883647
          ],
          [
            106.7065884,
            10.7883687
          ]
        ]
      },
      "id": "way/472237445"
    },
    {
      "type": "Feature",
      "properties": {
        "@id": "way/472237493",
        "highway": "footway"
      },
      "geometry": {
        "type": "LineString",
        "coordinates": [
          [
            106.7086289,
            10.7871474
          ],
          [
            106.7079827,
            10.787217
          ]
        ]
      },
      "id": "way/472237493"
    },
    {
      "type": "Feature",
      "properties": {
        "@id": "way/473189961",
        "highway": "service",
        "service": "alley"
      },
      "geometry": {
        "type": "LineString",
        "coordinates": [
          [
            106.7034583,
            10.7920461
          ],
          [
            106.7036078,
            10.7919935
          ],
          [
            106.7036696,
            10.7919752
          ],
          [
            106.7038616,
            10.7919401
          ],
          [
            106.7039535,
            10.7919224
          ],
          [
            106.7041221,
            10.791896
          ],
          [
            106.7042084,
            10.7918757
          ],
          [
            106.7042432,
            10.7918709
          ]
        ]
      },
      "id": "way/473189961"
    },
    {
      "type": "Feature",
      "properties": {
        "@id": "way/473190057",
        "highway": "footway",
        "smoothness": "good",
        "surface": "paving_stones"
      },
      "geometry": {
        "type": "LineString",
        "coordinates": [
          [
            106.7012408,
            10.7934844
          ],
          [
            106.7025043,
            10.7932352
          ],
          [
            106.7034204,
            10.7930141
          ],
          [
            106.7035671,
            10.7929787
          ],
          [
            106.703883,
            10.7929025
          ],
          [
            106.7050806,
            10.792589
          ],
          [
            106.706073,
            10.7923084
          ],
          [
            106.7064311,
            10.7920107
          ],
          [
            106.7064722,
            10.7919836
          ],
          [
            106.7065043,
            10.7919773
          ],
          [
            106.7065967,
            10.7920755
          ]
        ]
      },
      "id": "way/473190057"
    },
    {
      "type": "Feature",
      "properties": {
        "@id": "way/604819691",
        "highway": "service",
        "motorcar": "destination",
        "name": "Hẻm 49 Huỳnh Mẫn Đạt",
        "service": "alley"
      },
      "geometry": {
        "type": "LineString",
        "coordinates": [
          [
            106.7087574,
            10.790787
          ],
          [
            106.7089391,
            10.7907151
          ],
          [
            106.7091268,
            10.7906651
          ],
          [
            106.7091594,
            10.790658
          ],
          [
            106.7092851,
            10.7906308
          ],
          [
            106.7094728,
            10.7905887
          ],
          [
            106.7096053,
            10.7905779
          ],
          [
            106.709666,
            10.7905729
          ],
          [
            106.7097736,
            10.7906036
          ],
          [
            106.7097821,
            10.7905695
          ]
        ]
      },
      "id": "way/604819691"
    },
    {
      "type": "Feature",
      "properties": {
        "@id": "way/609752994",
        "highway": "service",
        "motorcar": "no",
        "name": "Công Trường Hòa Bình"
      },
      "geometry": {
        "type": "LineString",
        "coordinates": [
          [
            106.7080833,
            10.7923995
          ],
          [
            106.7071413,
            10.7914197
          ]
        ]
      },
      "id": "way/609752994"
    },
    {
      "type": "Feature",
      "properties": {
        "@id": "way/609752995",
        "highway": "service",
        "motorcar": "destination",
        "name": "Hẻm 20 Phan Huy Ôn",
        "service": "alley"
      },
      "geometry": {
        "type": "LineString",
        "coordinates": [
          [
            106.7083213,
            10.7916416
          ],
          [
            106.7081364,
            10.7918283
          ],
          [
            106.7080253,
            10.7919261
          ],
          [
            106.7079001,
            10.7918081
          ],
          [
            106.7077004,
            10.7915826
          ]
        ]
      },
      "id": "way/609752995"
    },
    {
      "type": "Feature",
      "properties": {
        "@id": "way/609752996",
        "highway": "service",
        "motorcar": "destination",
        "name": "Hẻm 28 Đường Phan Huy Ôn",
        "service": "alley"
      },
      "geometry": {
        "type": "LineString",
        "coordinates": [
          [
            106.7081222,
            10.7915022
          ],
          [
            106.708025,
            10.7916399
          ],
          [
            106.7078826,
            10.7915436
          ]
        ]
      },
      "id": "way/609752996"
    },
    {
      "type": "Feature",
      "properties": {
        "@id": "way/609752997",
        "highway": "service",
        "motorcar": "destination",
        "name": "Hẻm 28/2 Đường Phan Huy Ôn",
        "service": "alley"
      },
      "geometry": {
        "type": "LineString",
        "coordinates": [
          [
            106.708025,
            10.7916399
          ],
          [
            106.7079001,
            10.7918081
          ]
        ]
      },
      "id": "way/609752997"
    },
    {
      "type": "Feature",
      "properties": {
        "@id": "way/609752998",
        "highway": "service",
        "motorcar": "destination",
        "name": "Hẻm 10 Phan Huy Ôn",
        "service": "alley"
      },
      "geometry": {
        "type": "LineString",
        "coordinates": [
          [
            106.7084778,
            10.7917531
          ],
          [
            106.7084336,
            10.7918211
          ],
          [
            106.7081919,
            10.7918994
          ],
          [
            106.7081364,
            10.7918283
          ]
        ]
      },
      "id": "way/609752998"
    },
    {
      "type": "Feature",
      "properties": {
        "@id": "way/609752999",
        "highway": "service",
        "motorcar": "destination",
        "name": "Hẻm 33 Phan Văn Hân",
        "service": "alley"
      },
      "geometry": {
        "type": "LineString",
        "coordinates": [
          [
            106.7081317,
            10.7923735
          ],
          [
            106.7080188,
            10.7920618
          ],
          [
            106.7080938,
            10.7920228
          ],
          [
            106.7080253,
            10.7919261
          ]
        ]
      },
      "id": "way/609752999"
    },
    {
      "type": "Feature",
      "properties": {
        "@id": "way/609753037",
        "highway": "service",
        "name": "Hẻm 81 Huỳnh Mẫn Đạt",
        "service": "alley"
      },
      "geometry": {
        "type": "LineString",
        "coordinates": [
          [
            106.7086153,
            10.7897188
          ],
          [
            106.7089808,
            10.7896699
          ],
          [
            106.7090121,
            10.7896657
          ],
          [
            106.7089794,
            10.7893744
          ]
        ]
      },
      "id": "way/609753037"
    },
    {
      "type": "Feature",
      "properties": {
        "@id": "way/609753038",
        "highway": "service",
        "name": "Hẻm 81/1 Huỳnh Mẫn Đạt",
        "service": "alley"
      },
      "geometry": {
        "type": "LineString",
        "coordinates": [
          [
            106.7089808,
            10.7896699
          ],
          [
            106.7090168,
            10.7898951
          ]
        ]
      },
      "id": "way/609753038"
    },
    {
      "type": "Feature",
      "properties": {
        "@id": "way/609753039",
        "highway": "service",
        "name": "Hẻm 23 Huỳnh Mẫn Đạt",
        "service": "alley"
      },
      "geometry": {
        "type": "LineString",
        "coordinates": [
          [
            106.708859,
            10.7914524
          ],
          [
            106.7091156,
            10.7913893
          ],
          [
            106.7091433,
            10.7913822
          ],
          [
            106.7093904,
            10.7912805
          ]
        ]
      },
      "id": "way/609753039"
    },
    {
      "type": "Feature",
      "properties": {
        "@id": "way/609753041",
        "highway": "service",
        "name": "Hẻm 37 Huỳnh Mẫn Đạt",
        "service": "alley"
      },
      "geometry": {
        "type": "LineString",
        "coordinates": [
          [
            106.7088254,
            10.7912326
          ],
          [
            106.7090658,
            10.7912048
          ],
          [
            106.7090612,
            10.791152
          ],
          [
            106.7090938,
            10.7911199
          ],
          [
            106.7092947,
            10.7910809
          ],
          [
            106.7093414,
            10.7911085
          ],
          [
            106.7093479,
            10.7911315
          ],
          [
            106.7093904,
            10.7912805
          ],
          [
            106.7093951,
            10.7913241
          ]
        ]
      },
      "id": "way/609753041"
    },
    {
      "type": "Feature",
      "properties": {
        "@id": "way/609753046",
        "highway": "service",
        "name": "Hẻm 21 Nguyễn Ngọc Phương",
        "service": "alley"
      },
      "geometry": {
        "type": "LineString",
        "coordinates": [
          [
            106.7078759,
            10.7904003
          ],
          [
            106.7079437,
            10.7906707
          ],
          [
            106.7081098,
            10.790644
          ],
          [
            106.7080633,
            10.79039
          ],
          [
            106.7078759,
            10.7904003
          ]
        ]
      },
      "id": "way/609753046"
    },
    {
      "type": "Feature",
      "properties": {
        "@id": "way/609753048",
        "highway": "service",
        "name": "Hẻm 54 Nguyễn Ngọc Phương",
        "service": "alley"
      },
      "geometry": {
        "type": "LineString",
        "coordinates": [
          [
            106.7078867,
            10.7897712
          ],
          [
            106.7080244,
            10.7896955
          ],
          [
            106.7080758,
            10.7897735
          ],
          [
            106.7081925,
            10.7897047
          ],
          [
            106.7082988,
            10.7897697
          ]
        ]
      },
      "id": "way/609753048"
    },
    {
      "type": "Feature",
      "properties": {
        "@id": "way/609753049",
        "highway": "service",
        "name": "Hẻm 105 Nguyễn Ngọc Phương",
        "service": "alley"
      },
      "geometry": {
        "type": "LineString",
        "coordinates": [
          [
            106.7085295,
            10.7893649
          ],
          [
            106.708994,
            10.789171
          ]
        ]
      },
      "id": "way/609753049"
    },
    {
      "type": "Feature",
      "properties": {
        "@id": "way/801479978",
        "access": "permissive",
        "footway": "sidewalk",
        "highway": "footway",
        "surface": "paving_stones"
      },
      "geometry": {
        "type": "LineString",
        "coordinates": [
          [
            106.708993,
            10.7857427
          ],
          [
            106.7091253,
            10.7860647
          ],
          [
            106.7091724,
            10.7861852
          ],
          [
            106.7092137,
            10.7862879
          ],
          [
            106.7092677,
            10.7864168
          ],
          [
            106.7093348,
            10.7866017
          ],
          [
            106.7094349,
            10.7868425
          ],
          [
            106.709506,
            10.7870021
          ],
          [
            106.7095652,
            10.7871219
          ],
          [
            106.709663,
            10.7871595
          ],
          [
            106.7098563,
            10.7871706
          ],
          [
            106.710171,
            10.7871926
          ],
          [
            106.7104879,
            10.787228
          ],
          [
            106.7108925,
            10.7872743
          ],
          [
            106.7112274,
            10.7873075
          ],
          [
            106.7115129,
            10.7873362
          ],
          [
            106.7116882,
            10.787356
          ],
          [
            106.7118815,
            10.7873693
          ],
          [
            106.7119467,
            10.7873803
          ],
          [
            106.7120389,
            10.7873825
          ],
          [
            106.712104,
            10.7873781
          ],
          [
            106.7122097,
            10.7873538
          ],
          [
            106.7123131,
            10.7873273
          ],
          [
            106.7124165,
            10.7873008
          ],
          [
            106.7124737,
            10.7872797
          ],
          [
            106.7125491,
            10.7872545
          ],
          [
            106.7126278,
            10.7872258
          ],
          [
            106.7126974,
            10.7871904
          ],
          [
            106.7127991,
            10.7871237
          ],
          [
            106.7128704,
            10.7870674
          ],
          [
            106.7129136,
            10.7869837
          ],
          [
            106.7129365,
            10.7869162
          ],
          [
            106.7129404,
            10.7868412
          ],
          [
            106.7129213,
            10.7867662
          ],
          [
            106.7128895,
            10.7866924
          ],
          [
            106.7128513,
            10.7865999
          ],
          [
            106.7128118,
            10.7865324
          ],
          [
            106.7127864,
            10.7864761
          ],
          [
            106.7127571,
            10.7864099
          ],
          [
            106.7127291,
            10.7863599
          ],
          [
            106.7127215,
            10.7863099
          ],
          [
            106.7127164,
            10.7862561
          ],
          [
            106.7127113,
            10.7861749
          ],
          [
            106.7127202,
            10.7861249
          ],
          [
            106.7127444,
            10.7860586
          ],
          [
            106.7127813,
            10.7860011
          ],
          [
            106.7128296,
            10.7859561
          ],
          [
            106.7127721,
            10.7859115
          ]
        ]
      },
      "id": "way/801479978"
    },
    {
      "type": "Feature",
      "properties": {
        "@id": "way/804925962",
        "highway": "service",
        "service": "alley"
      },
      "geometry": {
        "type": "LineString",
        "coordinates": [
          [
            106.7059678,
            10.7863616
          ],
          [
            106.7057888,
            10.7861866
          ],
          [
            106.7057647,
            10.7861872
          ],
          [
            106.7057432,
            10.7862221
          ]
        ]
      },
      "id": "way/804925962"
    },
    {
      "type": "Feature",
      "properties": {
        "@id": "way/840081705",
        "highway": "service",
        "name": "Hẻm 2 Nguyễn Thị Minh Khai",
        "service": "alley"
      },
      "geometry": {
        "type": "LineString",
        "coordinates": [
          [
            106.7055563,
            10.7908314
          ],
          [
            106.7055407,
            10.7908664
          ],
          [
            106.7054843,
            10.7909923
          ],
          [
            106.7054176,
            10.7910519
          ],
          [
            106.7052304,
            10.7911341
          ],
          [
            106.7051068,
            10.7911095
          ],
          [
            106.7050786,
            10.7910751
          ],
          [
            106.7049707,
            10.7911432
          ]
        ]
      },
      "id": "way/840081705"
    },
    {
      "type": "Feature",
      "properties": {
        "@id": "way/840081863",
        "highway": "service",
        "motorcar": "no",
        "service": "alley"
      },
      "geometry": {
        "type": "LineString",
        "coordinates": [
          [
            106.7052304,
            10.7911341
          ],
          [
            106.70523,
            10.7913025
          ],
          [
            106.705053,
            10.7913332
          ],
          [
            106.7050037,
            10.7913764
          ],
          [
            106.705023,
            10.7914604
          ],
          [
            106.7049853,
            10.7915503
          ]
        ]
      },
      "id": "way/840081863"
    },
    {
      "type": "Feature",
      "properties": {
        "@id": "way/900687151",
        "highway": "service",
        "motorcar": "destination",
        "name": "Hẻm 4 Nguyễn Thị Minh Khai"
      },
      "geometry": {
        "type": "LineString",
        "coordinates": [
          [
            106.7035279,
            10.7897066
          ],
          [
            106.703981,
            10.7892199
          ],
          [
            106.7040063,
            10.7891929
          ]
        ]
      },
      "id": "way/900687151"
    },
    {
      "type": "Feature",
      "properties": {
        "@id": "way/1052897692",
        "highway": "service",
        "motorcar": "no",
        "name": "Hẻm 2 Nguyễn Thị Minh Khai",
        "service": "alley"
      },
      "geometry": {
        "type": "LineString",
        "coordinates": [
          [
            106.7053997,
            10.7906705
          ],
          [
            106.7053767,
            10.7906932
          ],
          [
            106.7052273,
            10.7908506
          ]
        ]
      },
      "id": "way/1052897692"
    },
    {
      "type": "Feature",
      "properties": {
        "@id": "way/1052897693",
        "highway": "service",
        "motorcar": "destination",
        "name": "Hẻm 2 Nguyễn Thị Minh Khai",
        "service": "alley"
      },
      "geometry": {
        "type": "LineString",
        "coordinates": [
          [
            106.7054843,
            10.7909923
          ],
          [
            106.7053715,
            10.7908841
          ],
          [
            106.7053438,
            10.7908569
          ],
          [
            106.705304,
            10.7908425
          ],
          [
            106.7052617,
            10.7908416
          ],
          [
            106.7052273,
            10.7908506
          ]
        ]
      },
      "id": "way/1052897693"
    },
    {
      "type": "Feature",
      "properties": {
        "@id": "way/1052897694",
        "highway": "service",
        "motorcar": "no",
        "name": "Hẻm 2 Nguyễn Thị Minh Khai",
        "service": "alley"
      },
      "geometry": {
        "type": "LineString",
        "coordinates": [
          [
            106.7052273,
            10.7908506
          ],
          [
            106.7051337,
            10.7908807
          ],
          [
            106.7050861,
            10.7908824
          ],
          [
            106.7050604,
            10.7909065
          ],
          [
            106.7050786,
            10.7910751
          ]
        ]
      },
      "id": "way/1052897694"
    },
    {
      "type": "Feature",
      "properties": {
        "@id": "way/1095952048",
        "highway": "service",
        "name": "Hẻm 11B Nguyễn Bỉnh Khiêm"
      },
      "geometry": {
        "type": "LineString",
        "coordinates": [
          [
            106.7055442,
            10.7867537
          ],
          [
            106.7047728,
            10.785975
          ],
          [
            106.7048832,
            10.7858692
          ],
          [
            106.7047944,
            10.78577
          ]
        ]
      },
      "id": "way/1095952048"
    },
    {
      "type": "Feature",
      "properties": {
        "@id": "way/1095955937",
        "highway": "service"
      },
      "geometry": {
        "type": "LineString",
        "coordinates": [
          [
            106.7048832,
            10.7858692
          ],
          [
            106.7050368,
            10.7860354
          ],
          [
            106.7051155,
            10.7859578
          ],
          [
            106.7052867,
            10.7858038
          ],
          [
            106.7054623,
            10.785641
          ]
        ]
      },
      "id": "way/1095955937"
    },
    {
      "type": "Feature",
      "properties": {
        "@id": "way/1095955938",
        "highway": "service"
      },
      "geometry": {
        "type": "LineString",
        "coordinates": [
          [
            106.7051155,
            10.7859578
          ],
          [
            106.7049508,
            10.7857669
          ],
          [
            106.705109,
            10.7856235
          ]
        ]
      },
      "id": "way/1095955938"
    },
    {
      "type": "Feature",
      "properties": {
        "@id": "way/1095955939",
        "highway": "service",
        "name": "Hẻm 11C Đường Nguyễn Bỉnh Khiêm"
      },
      "geometry": {
        "type": "LineString",
        "coordinates": [
          [
            106.7051288,
            10.7854079
          ],
          [
            106.7050545,
            10.7853407
          ],
          [
            106.7049418,
            10.7854487
          ],
          [
            106.705109,
            10.7856235
          ],
          [
            106.7052867,
            10.7858038
          ]
        ]
      },
      "id": "way/1095955939"
    },
    {
      "type": "Feature",
      "properties": {
        "@id": "way/1095955940",
        "highway": "service"
      },
      "geometry": {
        "type": "LineString",
        "coordinates": [
          [
            106.7049508,
            10.7857669
          ],
          [
            106.7047627,
            10.7855559
          ]
        ]
      },
      "id": "way/1095955940"
    },
    {
      "type": "Feature",
      "properties": {
        "@id": "way/1116251067",
        "highway": "service",
        "service": "alley"
      },
      "geometry": {
        "type": "LineString",
        "coordinates": [
          [
            106.7080725,
            10.7910194
          ],
          [
            106.7079705,
            10.7908827
          ]
        ]
      },
      "id": "way/1116251067"
    },
    {
      "type": "Feature",
      "properties": {
        "@id": "way/1116474776",
        "highway": "service"
      },
      "geometry": {
        "type": "LineString",
        "coordinates": [
          [
            106.7042084,
            10.7918757
          ],
          [
            106.7041641,
            10.7916975
          ]
        ]
      },
      "id": "way/1116474776"
    },
    {
      "type": "Feature",
      "properties": {
        "@id": "way/1116474778",
        "highway": "service"
      },
      "geometry": {
        "type": "LineString",
        "coordinates": [
          [
            106.7039535,
            10.7919224
          ],
          [
            106.7039185,
            10.7917514
          ]
        ]
      },
      "id": "way/1116474778"
    },
    {
      "type": "Feature",
      "properties": {
        "@id": "way/1116474779",
        "highway": "service"
      },
      "geometry": {
        "type": "LineString",
        "coordinates": [
          [
            106.7038616,
            10.7919401
          ],
          [
            106.703808,
            10.7917756
          ]
        ]
      },
      "id": "way/1116474779"
    },
    {
      "type": "Feature",
      "properties": {
        "@id": "way/1116474780",
        "highway": "service",
        "service": "alley"
      },
      "geometry": {
        "type": "LineString",
        "coordinates": [
          [
            106.7036696,
            10.7919752
          ],
          [
            106.7036433,
            10.7918118
          ]
        ]
      },
      "id": "way/1116474780"
    },
    {
      "type": "Feature",
      "properties": {
        "@id": "way/1125163236",
        "access": "permit",
        "highway": "service"
      },
      "geometry": {
        "type": "LineString",
        "coordinates": [
          [
            106.707539,
            10.7868051
          ],
          [
            106.707567,
            10.7867827
          ],
          [
            106.7076214,
            10.7867392
          ],
          [
            106.7076458,
            10.7867173
          ],
          [
            106.7076644,
            10.7866905
          ],
          [
            106.7076761,
            10.7866601
          ],
          [
            106.7076804,
            10.7866279
          ],
          [
            106.70768,
            10.786601
          ],
          [
            106.7076825,
            10.7865742
          ],
          [
            106.7076918,
            10.7865345
          ],
          [
            106.7077076,
            10.7864969
          ],
          [
            106.7077295,
            10.7864622
          ],
          [
            106.7077569,
            10.7864316
          ],
          [
            106.7078675,
            10.7863512
          ],
          [
            106.707894,
            10.786332
          ],
          [
            106.7079158,
            10.7863078
          ],
          [
            106.7079328,
            10.7862776
          ],
          [
            106.7079426,
            10.7862445
          ],
          [
            106.7079721,
            10.7861174
          ],
          [
            106.7079874,
            10.7860829
          ],
          [
            106.7080143,
            10.7860456
          ],
          [
            106.7080415,
            10.7860219
          ],
          [
            106.7081632,
            10.785954
          ],
          [
            106.708179,
            10.7859468
          ],
          [
            106.7081961,
            10.7859434
          ],
          [
            106.7082135,
            10.7859442
          ],
          [
            106.7082346,
            10.7859509
          ],
          [
            106.7082526,
            10.7859636
          ],
          [
            106.7082658,
            10.7859811
          ],
          [
            106.7082901,
            10.7860361
          ],
          [
            106.7083074,
            10.7860937
          ],
          [
            106.7083164,
            10.7861442
          ],
          [
            106.7083393,
            10.7862351
          ],
          [
            106.7083672,
            10.7863246
          ],
          [
            106.7083999,
            10.7864125
          ],
          [
            106.7084352,
            10.7864935
          ],
          [
            106.7084746,
            10.7865726
          ],
          [
            106.708518,
            10.7866496
          ],
          [
            106.70857,
            10.7867315
          ],
          [
            106.7086266,
            10.7868104
          ],
          [
            106.7086508,
            10.786839
          ],
          [
            106.7086701,
            10.7868711
          ],
          [
            106.7086841,
            10.7869057
          ],
          [
            106.7086923,
            10.7869421
          ],
          [
            106.7086946,
            10.7869762
          ],
          [
            106.7086919,
            10.7870102
          ],
          [
            106.7086843,
            10.7870435
          ],
          [
            106.7086608,
            10.7870934
          ],
          [
            106.7086289,
            10.7871474
          ],
          [
            106.708585,
            10.7872161
          ],
          [
            106.7085398,
            10.7872756
          ],
          [
            106.7084906,
            10.7873319
          ],
          [
            106.7084375,
            10.7873848
          ],
          [
            106.7080867,
            10.7876889
          ],
          [
            106.7078488,
            10.787888
          ],
          [
            106.7074601,
            10.7882042
          ],
          [
            106.7071595,
            10.7884182
          ],
          [
            106.7070316,
            10.7885092
          ],
          [
            106.7068963,
            10.7886036
          ],
          [
            106.7068368,
            10.7886403
          ],
          [
            106.7067665,
            10.7886837
          ],
          [
            106.7066709,
            10.7887365
          ],
          [
            106.7065732,
            10.7887854
          ],
          [
            106.7064735,
            10.7888303
          ]
        ]
      },
      "id": "way/1125163236"
    },
    {
      "type": "Feature",
      "properties": {
        "@id": "way/1125163237",
        "access": "permit",
        "highway": "service"
      },
      "geometry": {
        "type": "LineString",
        "coordinates": [
          [
            106.7074203,
            10.7868828
          ],
          [
            106.7073271,
            10.7868689
          ],
          [
            106.7072359,
            10.7868459
          ],
          [
            106.7071648,
            10.7868211
          ],
          [
            106.7070961,
            10.7867907
          ],
          [
            106.70703,
            10.786755
          ],
          [
            106.7069812,
            10.7867178
          ],
          [
            106.7069357,
            10.7866766
          ],
          [
            106.7068939,
            10.7866319
          ],
          [
            106.7068528,
            10.7865792
          ],
          [
            106.7068331,
            10.7865522
          ],
          [
            106.7068168,
            10.7865232
          ],
          [
            106.7068045,
            10.7864938
          ],
          [
            106.7067957,
            10.7864632
          ],
          [
            106.7067743,
            10.7863762
          ],
          [
            106.7067583,
            10.7862881
          ],
          [
            106.7067477,
            10.7861992
          ],
          [
            106.7067418,
            10.7861636
          ],
          [
            106.7067402,
            10.7861274
          ],
          [
            106.7067432,
            10.7860914
          ],
          [
            106.7067532,
            10.7860468
          ],
          [
            106.70677,
            10.7860042
          ],
          [
            106.7067933,
            10.7859646
          ],
          [
            106.7068219,
            10.7859365
          ],
          [
            106.706855,
            10.7859139
          ],
          [
            106.7068981,
            10.7858952
          ],
          [
            106.7069442,
            10.7858855
          ],
          [
            106.7069894,
            10.7858831
          ],
          [
            106.7070346,
            10.7858853
          ],
          [
            106.707051,
            10.7858878
          ],
          [
            106.7070793,
            10.7858921
          ],
          [
            106.7071272,
            10.7859048
          ],
          [
            106.7071734,
            10.7859227
          ],
          [
            106.7072172,
            10.7859457
          ],
          [
            106.707258,
            10.7859735
          ],
          [
            106.7072994,
            10.7860055
          ],
          [
            106.707338,
            10.7860408
          ],
          [
            106.7073733,
            10.7860792
          ],
          [
            106.7074132,
            10.7861318
          ],
          [
            106.707447,
            10.7861882
          ],
          [
            106.7074746,
            10.7862478
          ],
          [
            106.7075056,
            10.7863372
          ],
          [
            106.7075286,
            10.786429
          ],
          [
            106.7075432,
            10.7865207
          ],
          [
            106.7075497,
            10.7866134
          ],
          [
            106.7075484,
            10.7867095
          ],
          [
            106.707539,
            10.7868051
          ]
        ]
      },
      "id": "way/1125163237"
    },
    {
      "type": "Feature",
      "properties": {
        "@id": "way/1125163238",
        "access": "permit",
        "highway": "service"
      },
      "geometry": {
        "type": "LineString",
        "coordinates": [
          [
            106.7062448,
            10.7874997
          ],
          [
            106.7063933,
            10.7874317
          ],
          [
            106.7064846,
            10.7873856
          ],
          [
            106.7065392,
            10.7873584
          ],
          [
            106.7066197,
            10.7873145
          ],
          [
            106.7066661,
            10.7872892
          ],
          [
            106.7067585,
            10.7872349
          ],
          [
            106.7067906,
            10.7872161
          ],
          [
            106.7068676,
            10.7871649
          ],
          [
            106.706956,
            10.7871104
          ],
          [
            106.7070543,
            10.7870539
          ],
          [
            106.7071648,
            10.7869961
          ],
          [
            106.7072391,
            10.7869672
          ],
          [
            106.7073123,
            10.7869355
          ],
          [
            106.7073354,
            10.786925
          ],
          [
            106.7073671,
            10.7869107
          ],
          [
            106.7074203,
            10.7868828
          ],
          [
            106.707481,
            10.786846
          ],
          [
            106.707539,
            10.7868051
          ]
        ]
      },
      "id": "way/1125163238"
    },
    {
      "type": "Feature",
      "properties": {
        "@id": "way/1125163239",
        "access": "permit",
        "highway": "service"
      },
      "geometry": {
        "type": "LineString",
        "coordinates": [
          [
            106.7062448,
            10.7874997
          ],
          [
            106.706251,
            10.787516
          ],
          [
            106.7062522,
            10.7875333
          ],
          [
            106.7062459,
            10.7875583
          ],
          [
            106.7062354,
            10.7875819
          ],
          [
            106.706221,
            10.7876034
          ],
          [
            106.7062019,
            10.7876227
          ],
          [
            106.7061728,
            10.7876429
          ],
          [
            106.7061435,
            10.7876545
          ],
          [
            106.7061183,
            10.7876583
          ],
          [
            106.7060929,
            10.7876561
          ],
          [
            106.7060684,
            10.7876479
          ],
          [
            106.7060567,
            10.7876422
          ],
          [
            106.7060466,
            10.7876341
          ],
          [
            106.7060376,
            10.7876198
          ],
          [
            106.7060327,
            10.7876037
          ],
          [
            106.706032,
            10.7875874
          ],
          [
            106.7060356,
            10.7875715
          ],
          [
            106.7060495,
            10.7875388
          ],
          [
            106.7060715,
            10.7875106
          ],
          [
            106.7060976,
            10.7874904
          ],
          [
            106.7061274,
            10.7874763
          ],
          [
            106.7061536,
            10.7874697
          ],
          [
            106.7061804,
            10.7874677
          ],
          [
            106.7062072,
            10.7874704
          ],
          [
            106.7062223,
            10.7874767
          ],
          [
            106.7062351,
            10.7874867
          ],
          [
            106.7062448,
            10.7874997
          ]
        ]
      },
      "id": "way/1125163239"
    },
    {
      "type": "Feature",
      "properties": {
        "@id": "way/1125163240",
        "access": "permit",
        "highway": "service"
      },
      "geometry": {
        "type": "LineString",
        "coordinates": [
          [
            106.7055442,
            10.7867537
          ],
          [
            106.7055883,
            10.7867994
          ],
          [
            106.7056218,
            10.7868343
          ],
          [
            106.7057155,
            10.7869317
          ],
          [
            106.7057599,
            10.7869778
          ],
          [
            106.7062049,
            10.7874401
          ],
          [
            106.7062223,
            10.7874767
          ]
        ]
      },
      "id": "way/1125163240"
    },
    {
      "type": "Feature",
      "properties": {
        "@id": "way/1125163241",
        "access": "permit",
        "highway": "service"
      },
      "geometry": {
        "type": "LineString",
        "coordinates": [
          [
            106.704878,
            10.7886714
          ],
          [
            106.7051601,
            10.7884204
          ],
          [
            106.7053572,
            10.7882451
          ],
          [
            106.7055474,
            10.7880758
          ],
          [
            106.7056678,
            10.7879686
          ]
        ]
      },
      "id": "way/1125163241"
    },
    {
      "type": "Feature",
      "properties": {
        "@id": "way/1125163242",
        "access": "permit",
        "highway": "service"
      },
      "geometry": {
        "type": "LineString",
        "coordinates": [
          [
            106.7055833,
            10.790763
          ],
          [
            106.7055455,
            10.7905459
          ],
          [
            106.7055018,
            10.790283
          ],
          [
            106.7054939,
            10.7902068
          ],
          [
            106.7054924,
            10.7901302
          ],
          [
            106.7054985,
            10.7900455
          ],
          [
            106.7055126,
            10.7899617
          ],
          [
            106.7055243,
            10.789915
          ],
          [
            106.70554,
            10.7898694
          ],
          [
            106.7055642,
            10.7898163
          ],
          [
            106.7055937,
            10.789766
          ],
          [
            106.7057198,
            10.7895907
          ],
          [
            106.7058474,
            10.7894286
          ],
          [
            106.7058778,
            10.7893932
          ],
          [
            106.7059324,
            10.7893296
          ],
          [
            106.7059819,
            10.7892719
          ],
          [
            106.706316,
            10.7889717
          ],
          [
            106.7064735,
            10.7888303
          ]
        ]
      },
      "id": "way/1125163242"
    },
    {
      "type": "Feature",
      "properties": {
        "@id": "way/1125163243",
        "access": "permit",
        "highway": "service"
      },
      "geometry": {
        "type": "LineString",
        "coordinates": [
          [
            106.7051601,
            10.7884204
          ],
          [
            106.7054697,
            10.7887487
          ],
          [
            106.7057778,
            10.7890753
          ],
          [
            106.7057319,
            10.7891164
          ],
          [
            106.7059324,
            10.7893296
          ]
        ]
      },
      "id": "way/1125163243"
    },
    {
      "type": "Feature",
      "properties": {
        "@id": "way/1149033233",
        "highway": "service",
        "name": "Hẻm 6 Đường Nguyễn Thị Minh Khai",
        "service": "alley"
      },
      "geometry": {
        "type": "LineString",
        "coordinates": [
          [
            106.7037099,
            10.7888774
          ],
          [
            106.703681,
            10.7889032
          ],
          [
            106.703635,
            10.7889495
          ],
          [
            106.7036222,
            10.7889721
          ],
          [
            106.703614,
            10.7890687
          ],
          [
            106.703615,
            10.7890961
          ],
          [
            106.703572,
            10.7891489
          ]
        ]
      },
      "id": "way/1149033233"
    },
    {
      "type": "Feature",
      "properties": {
        "@id": "way/1181111295",
        "highway": "service",
        "service": "parking_aisle",
        "surface": "asphalt"
      },
      "geometry": {
        "type": "LineString",
        "coordinates": [
          [
            106.7044554,
            10.7896672
          ],
          [
            106.7044285,
            10.7896923
          ],
          [
            106.7043516,
            10.7897641
          ],
          [
            106.7042413,
            10.789867
          ]
        ]
      },
      "id": "way/1181111295"
    },
    {
      "type": "Feature",
      "properties": {
        "@id": "way/1181111296",
        "highway": "service",
        "service": "parking_aisle"
      },
      "geometry": {
        "type": "LineString",
        "coordinates": [
          [
            106.7043516,
            10.7897641
          ],
          [
            106.7046468,
            10.7900712
          ]
        ]
      },
      "id": "way/1181111296"
    },
    {
      "type": "Feature",
      "properties": {
        "@id": "way/1181111297",
        "highway": "service",
        "service": "parking_aisle",
        "surface": "asphalt"
      },
      "geometry": {
        "type": "LineString",
        "coordinates": [
          [
            106.7047475,
            10.7899773
          ],
          [
            106.7047214,
            10.7900016
          ],
          [
            106.7046468,
            10.7900712
          ],
          [
            106.7045373,
            10.7901731
          ],
          [
            106.7041878,
            10.7904987
          ]
        ]
      },
      "id": "way/1181111297"
    },
    {
      "type": "Feature",
      "properties": {
        "@id": "way/1181120542",
        "highway": "service"
      },
      "geometry": {
        "type": "LineString",
        "coordinates": [
          [
            106.7033454,
            10.7904811
          ],
          [
            106.703283,
            10.7905402
          ],
          [
            106.7030207,
            10.7907884
          ],
          [
            106.7028571,
            10.7906216
          ],
          [
            106.7026914,
            10.7904526
          ],
          [
            106.7029555,
            10.7902027
          ],
          [
            106.7030182,
            10.7901433
          ]
        ]
      },
      "id": "way/1181120542"
    },
    {
      "type": "Feature",
      "properties": {
        "@id": "way/1181120543",
        "highway": "service",
        "service": "parking_aisle"
      },
      "geometry": {
        "type": "LineString",
        "coordinates": [
          [
            106.703283,
            10.7905402
          ],
          [
            106.7029555,
            10.7902027
          ]
        ]
      },
      "id": "way/1181120543"
    },
    {
      "type": "Feature",
      "properties": {
        "@id": "way/1181120546",
        "highway": "footway"
      },
      "geometry": {
        "type": "LineString",
        "coordinates": [
          [
            106.703021,
            10.7905314
          ],
          [
            106.7030155,
            10.7905442
          ],
          [
            106.7030068,
            10.7905551
          ],
          [
            106.7029924,
            10.7905648
          ],
          [
            106.7029756,
            10.7905695
          ],
          [
            106.7029582,
            10.7905686
          ],
          [
            106.702942,
            10.7905621
          ],
          [
            106.7029301,
            10.7905522
          ],
          [
            106.7029207,
            10.7905376
          ],
          [
            106.7029169,
            10.7905225
          ],
          [
            106.7029178,
            10.790507
          ],
          [
            106.7029232,
            10.7904924
          ],
          [
            106.7029328,
            10.7904801
          ],
          [
            106.7029462,
            10.7904709
          ],
          [
            106.7029617,
            10.790466
          ],
          [
            106.702978,
            10.790466
          ],
          [
            106.7029935,
            10.7904709
          ],
          [
            106.7030068,
            10.7904802
          ],
          [
            106.7030156,
            10.7904911
          ],
          [
            106.7030211,
            10.7905039
          ],
          [
            106.7030229,
            10.7905176
          ],
          [
            106.703021,
            10.7905314
          ]
        ]
      },
      "id": "way/1181120546"
    },
    {
      "type": "Feature",
      "properties": {
        "@id": "way/1181120547",
        "highway": "footway"
      },
      "geometry": {
        "type": "LineString",
        "coordinates": [
          [
            106.7030072,
            10.7907161
          ],
          [
            106.7028859,
            10.7905937
          ],
          [
            106.7027709,
            10.7904776
          ],
          [
            106.702853,
            10.7903991
          ],
          [
            106.7029245,
            10.7903308
          ],
          [
            106.7030409,
            10.7904482
          ],
          [
            106.7031608,
            10.7905693
          ],
          [
            106.7030887,
            10.7906382
          ],
          [
            106.7030072,
            10.7907161
          ]
        ]
      },
      "id": "way/1181120547"
    },
    {
      "type": "Feature",
      "properties": {
        "@id": "way/1181120548",
        "highway": "footway"
      },
      "geometry": {
        "type": "LineString",
        "coordinates": [
          [
            106.7030887,
            10.7906382
          ],
          [
            106.7030068,
            10.7905551
          ]
        ]
      },
      "id": "way/1181120548"
    },
    {
      "type": "Feature",
      "properties": {
        "@id": "way/1181120551",
        "highway": "footway"
      },
      "geometry": {
        "type": "LineString",
        "coordinates": [
          [
            106.7030068,
            10.7904802
          ],
          [
            106.7030409,
            10.7904482
          ],
          [
            106.7030513,
            10.7904386
          ]
        ]
      },
      "id": "way/1181120551"
    },
    {
      "type": "Feature",
      "properties": {
        "@id": "way/1217789847",
        "footway": "sidewalk",
        "highway": "footway"
      },
      "geometry": {
        "type": "LineString",
        "coordinates": [
          [
            106.7043009,
            10.7863593
          ],
          [
            106.7032967,
            10.7852937
          ],
          [
            106.7032901,
            10.7852723
          ],
          [
            106.7032901,
            10.7852522
          ],
          [
            106.7033019,
            10.7852301
          ],
          [
            106.703318,
            10.7852111
          ],
          [
            106.7038308,
            10.7847369
          ]
        ]
      },
      "id": "way/1217789847"
    },
    {
      "type": "Feature",
      "properties": {
        "@id": "way/1217789848",
        "crossing": "uncontrolled",
        "crossing:markings": "yes",
        "footway": "crossing",
        "highway": "footway"
      },
      "geometry": {
        "type": "LineString",
        "coordinates": [
          [
            106.7030994,
            10.784983
          ],
          [
            106.7031572,
            10.7850433
          ],
          [
            106.7032557,
            10.7851461
          ],
          [
            106.703318,
            10.7852111
          ]
        ]
      },
      "id": "way/1217789848"
    },
    {
      "type": "Feature",
      "properties": {
        "@id": "way/1217789853",
        "crossing": "uncontrolled",
        "crossing:markings": "yes",
        "footway": "crossing",
        "highway": "footway"
      },
      "geometry": {
        "type": "LineString",
        "coordinates": [
          [
            106.7029016,
            10.7851514
          ],
          [
            106.7029298,
            10.785125
          ],
          [
            106.7030012,
            10.7850581
          ],
          [
            106.703041,
            10.7850207
          ]
        ]
      },
      "id": "way/1217789853"
    },
    {
      "type": "Feature",
      "properties": {
        "@id": "way/1217789854",
        "footway": "sidewalk",
        "highway": "footway"
      },
      "geometry": {
        "type": "LineString",
        "coordinates": [
          [
            106.703041,
            10.7850207
          ],
          [
            106.7030504,
            10.7849925
          ]
        ]
      },
      "id": "way/1217789854"
    },
    {
      "type": "Feature",
      "properties": {
        "@id": "way/1217789861",
        "highway": "service",
        "oneway": "yes",
        "service": "parking_aisle"
      },
      "geometry": {
        "type": "LineString",
        "coordinates": [
          [
            106.7030604,
            10.7848295
          ],
          [
            106.7030647,
            10.7848452
          ],
          [
            106.7030715,
            10.7849592
          ],
          [
            106.703074,
            10.7849924
          ],
          [
            106.7030685,
            10.7851309
          ]
        ]
      },
      "id": "way/1217789861"
    },
    {
      "type": "Feature",
      "properties": {
        "@id": "way/1219258964",
        "highway": "service",
        "service": "parking_aisle"
      },
      "geometry": {
        "type": "LineString",
        "coordinates": [
          [
            106.7029428,
            10.7897711
          ],
          [
            106.7030385,
            10.7898197
          ],
          [
            106.7030707,
            10.7898481
          ],
          [
            106.70309,
            10.7898523
          ],
          [
            106.7031083,
            10.789846
          ],
          [
            106.7031283,
            10.7898269
          ],
          [
            106.703296,
            10.7896668
          ]
        ]
      },
      "id": "way/1219258964"
    },
    {
      "type": "Feature",
      "properties": {
        "@id": "way/1219258967",
        "highway": "service",
        "service": "parking_aisle"
      },
      "geometry": {
        "type": "LineString",
        "coordinates": [
          [
            106.7029832,
            10.7895727
          ],
          [
            106.7029988,
            10.7895509
          ],
          [
            106.7030064,
            10.7895351
          ],
          [
            106.70306,
            10.7894824
          ],
          [
            106.7030922,
            10.7894687
          ],
          [
            106.7031201,
            10.7894824
          ],
          [
            106.703296,
            10.7896668
          ],
          [
            106.7033207,
            10.7896721
          ],
          [
            106.7033711,
            10.7896637
          ],
          [
            106.7033947,
            10.789669
          ],
          [
            106.7034141,
            10.7896837
          ],
          [
            106.7034809,
            10.7897528
          ],
          [
            106.7035578,
            10.7898323
          ],
          [
            106.7035675,
            10.7898523
          ],
          [
            106.70356,
            10.7898766
          ],
          [
            106.703501,
            10.7899303
          ],
          [
            106.7034709,
            10.790022
          ],
          [
            106.7035192,
            10.7900694
          ],
          [
            106.7036179,
            10.7901938
          ],
          [
            106.7036265,
            10.7902191
          ],
          [
            106.7036222,
            10.7902465
          ],
          [
            106.7036072,
            10.7902655
          ],
          [
            106.7034226,
            10.7904394
          ]
        ]
      },
      "id": "way/1219258967"
    },
    {
      "type": "Feature",
      "properties": {
        "@id": "way/1219258968",
        "highway": "service",
        "service": "parking_aisle"
      },
      "geometry": {
        "type": "LineString",
        "coordinates": [
          [
            106.7034709,
            10.790022
          ],
          [
            106.7033744,
            10.7900557
          ],
          [
            106.7033571,
            10.7900566
          ],
          [
            106.7033443,
            10.7900515
          ],
          [
            106.7031283,
            10.7898269
          ]
        ]
      },
      "id": "way/1219258968"
    },
    {
      "type": "Feature",
      "properties": {
        "@id": "way/1221578564",
        "crossing": "uncontrolled",
        "crossing:markings": "yes",
        "footway": "crossing",
        "highway": "footway"
      },
      "geometry": {
        "type": "LineString",
        "coordinates": [
          [
            106.703139,
            10.7853918
          ],
          [
            106.703167,
            10.7853657
          ],
          [
            106.7032311,
            10.785306
          ],
          [
            106.7032634,
            10.7852758
          ]
        ]
      },
      "id": "way/1221578564"
    },
    {
      "type": "Feature",
      "properties": {
        "@id": "way/1221578565",
        "footway": "sidewalk",
        "highway": "footway"
      },
      "geometry": {
        "type": "LineString",
        "coordinates": [
          [
            106.7032634,
            10.7852758
          ],
          [
            106.7032901,
            10.7852723
          ]
        ]
      },
      "id": "way/1221578565"
    },
    {
      "type": "Feature",
      "properties": {
        "@id": "way/1221589532",
        "footway": "sidewalk",
        "highway": "footway",
        "surface": "paving_stones"
      },
      "geometry": {
        "type": "LineString",
        "coordinates": [
          [
            106.7035714,
            10.7884861
          ],
          [
            106.7035553,
            10.7884935
          ],
          [
            106.7035327,
            10.7884977
          ],
          [
            106.7035081,
            10.7884914
          ],
          [
            106.7034887,
            10.7884777
          ],
          [
            106.7029756,
            10.7879341
          ],
          [
            106.7026669,
            10.7876071
          ]
        ]
      },
      "id": "way/1221589532"
    },
    {
      "type": "Feature",
      "properties": {
        "@id": "way/1228588858",
        "highway": "service",
        "service": "alley"
      },
      "geometry": {
        "type": "LineString",
        "coordinates": [
          [
            106.7039973,
            10.7878997
          ],
          [
            106.7041225,
            10.7877589
          ]
        ]
      },
      "id": "way/1228588858"
    },
    {
      "type": "Feature",
      "properties": {
        "@id": "way/1265945862",
        "highway": "footway"
      },
      "geometry": {
        "type": "LineString",
        "coordinates": [
          [
            106.7058446,
            10.7884823
          ],
          [
            106.705888,
            10.7884439
          ],
          [
            106.7059768,
            10.7883653
          ]
        ]
      },
      "id": "way/1265945862"
    },
    {
      "type": "Feature",
      "properties": {
        "@id": "way/1265945868",
        "highway": "footway"
      },
      "geometry": {
        "type": "LineString",
        "coordinates": [
          [
            106.7058776,
            10.7882596
          ],
          [
            106.7057908,
            10.7883369
          ]
        ]
      },
      "id": "way/1265945868"
    },
    {
      "type": "Feature",
      "properties": {
        "@id": "way/1265945871",
        "highway": "footway"
      },
      "geometry": {
        "type": "LineString",
        "coordinates": [
          [
            106.7059827,
            10.7885476
          ],
          [
            106.7060716,
            10.7884663
          ]
        ]
      },
      "id": "way/1265945871"
    },
    {
      "type": "Feature",
      "properties": {
        "@id": "way/1265945876",
        "highway": "footway"
      },
      "geometry": {
        "type": "LineString",
        "coordinates": [
          [
            106.706363,
            10.7877956
          ],
          [
            106.7065077,
            10.7878294
          ],
          [
            106.7066018,
            10.7878481
          ],
          [
            106.7066964,
            10.7878645
          ]
        ]
      },
      "id": "way/1265945876"
    },
    {
      "type": "Feature",
      "properties": {
        "@id": "way/1265945878",
        "access": "permit",
        "highway": "service"
      },
      "geometry": {
        "type": "LineString",
        "coordinates": [
          [
            106.7050041,
            10.7872537
          ],
          [
            106.7050426,
            10.7872949
          ],
          [
            106.7050786,
            10.7873336
          ],
          [
            106.7053183,
            10.787592
          ],
          [
            106.7056678,
            10.7879686
          ]
        ]
      },
      "id": "way/1265945878"
    },
    {
      "type": "Feature",
      "properties": {
        "@id": "way/1265945879",
        "highway": "footway"
      },
      "geometry": {
        "type": "LineString",
        "coordinates": [
          [
            106.7062692,
            10.7886768
          ],
          [
            106.7061764,
            10.7887595
          ],
          [
            106.7059827,
            10.7885476
          ],
          [
            106.705888,
            10.7884439
          ],
          [
            106.7057908,
            10.7883369
          ],
          [
            106.7055474,
            10.7880758
          ]
        ]
      },
      "id": "way/1265945879"
    },
    {
      "type": "Feature",
      "properties": {
        "@id": "way/1269008397",
        "highway": "service",
        "motorcar": "destination",
        "name": "Hẻm 47 Huỳnh Mẫn Đạt",
        "service": "alley"
      },
      "geometry": {
        "type": "LineString",
        "coordinates": [
          [
            106.7087718,
            10.7908813
          ],
          [
            106.709158,
            10.790769
          ],
          [
            106.7091875,
            10.7907806
          ],
          [
            106.7094352,
            10.7907041
          ],
          [
            106.7094647,
            10.7907586
          ],
          [
            106.7095036,
            10.790747
          ]
        ]
      },
      "id": "way/1269008397"
    },
    {
      "type": "Feature",
      "properties": {
        "@id": "way/1273247315",
        "footway": "sidewalk",
        "highway": "footway",
        "surface": "paving_stones"
      },
      "geometry": {
        "type": "LineString",
        "coordinates": [
          [
            106.7056953,
            10.7910297
          ],
          [
            106.705674,
            10.7910072
          ],
          [
            106.705621,
            10.7909512
          ],
          [
            106.7055783,
            10.7909061
          ],
          [
            106.7055407,
            10.7908664
          ],
          [
            106.7053767,
            10.7906932
          ],
          [
            106.705218,
            10.7905326
          ],
          [
            106.7047602,
            10.7900426
          ],
          [
            106.7047214,
            10.7900016
          ],
          [
            106.7044285,
            10.7896923
          ],
          [
            106.703981,
            10.7892199
          ],
          [
            106.703681,
            10.7889032
          ],
          [
            106.7034974,
            10.7887094
          ],
          [
            106.7025785,
            10.7895687
          ],
          [
            106.7025171,
            10.7896261
          ],
          [
            106.7020219,
            10.7900891
          ],
          [
            106.7015901,
            10.7904929
          ]
        ]
      },
      "id": "way/1273247315"
    },
    {
      "type": "Feature",
      "properties": {
        "@id": "way/1273247318",
        "highway": "service",
        "service": "parking_aisle"
      },
      "geometry": {
        "type": "LineString",
        "coordinates": [
          [
            106.7042413,
            10.789867
          ],
          [
            106.7045373,
            10.7901731
          ]
        ]
      },
      "id": "way/1273247318"
    },
    {
      "type": "Feature",
      "properties": {
        "@id": "way/1276332036",
        "highway": "footway"
      },
      "geometry": {
        "type": "LineString",
        "coordinates": [
          [
            106.7080867,
            10.7876889
          ],
          [
            106.7080049,
            10.7875874
          ],
          [
            106.7079704,
            10.7875428
          ]
        ]
      },
      "id": "way/1276332036"
    },
    {
      "type": "Feature",
      "properties": {
        "@id": "way/1276332037",
        "highway": "footway"
      },
      "geometry": {
        "type": "LineString",
        "coordinates": [
          [
            106.7073385,
            10.7880751
          ],
          [
            106.7073545,
            10.7880358
          ],
          [
            106.7073774,
            10.788
          ],
          [
            106.7074065,
            10.7879685
          ],
          [
            106.7074409,
            10.7879427
          ],
          [
            106.7074794,
            10.7879234
          ],
          [
            106.7075209,
            10.7879111
          ],
          [
            106.7076137,
            10.7878806
          ],
          [
            106.7077039,
            10.7878432
          ],
          [
            106.7077881,
            10.7878008
          ],
          [
            106.7078298,
            10.7877786
          ],
          [
            106.7078689,
            10.7877523
          ],
          [
            106.7079102,
            10.7877174
          ],
          [
            106.7079469,
            10.7876779
          ],
          [
            106.7079786,
            10.7876343
          ],
          [
            106.7080049,
            10.7875874
          ]
        ]
      },
      "id": "way/1276332037"
    },
    {
      "type": "Feature",
      "properties": {
        "@id": "way/1276332038",
        "highway": "footway"
      },
      "geometry": {
        "type": "LineString",
        "coordinates": [
          [
            106.707051,
            10.7858878
          ],
          [
            106.707058,
            10.7858491
          ],
          [
            106.7070682,
            10.7858111
          ],
          [
            106.7070909,
            10.7857531
          ],
          [
            106.707105,
            10.7857252
          ],
          [
            106.7071212,
            10.7856985
          ],
          [
            106.7071517,
            10.785658
          ],
          [
            106.7071869,
            10.7856214
          ],
          [
            106.7074639,
            10.7853691
          ],
          [
            106.7078736,
            10.7849946
          ]
        ]
      },
      "id": "way/1276332038"
    },
    {
      "type": "Feature",
      "properties": {
        "@id": "way/1276332039",
        "highway": "footway"
      },
      "geometry": {
        "type": "LineString",
        "coordinates": [
          [
            106.7064802,
            10.7863315
          ],
          [
            106.7068168,
            10.7865232
          ]
        ]
      },
      "id": "way/1276332039"
    },
    {
      "type": "Feature",
      "properties": {
        "@id": "way/1276332040",
        "highway": "footway"
      },
      "geometry": {
        "type": "LineString",
        "coordinates": [
          [
            106.7067532,
            10.7860468
          ],
          [
            106.7064802,
            10.7863315
          ],
          [
            106.7060785,
            10.7865745
          ],
          [
            106.7060194,
            10.7866237
          ],
          [
            106.7059632,
            10.786676
          ],
          [
            106.7058919,
            10.7867512
          ],
          [
            106.7058264,
            10.7868314
          ],
          [
            106.7057155,
            10.7869317
          ]
        ]
      },
      "id": "way/1276332040"
    },
    {
      "type": "Feature",
      "properties": {
        "@id": "way/1276351268",
        "highway": "footway"
      },
      "geometry": {
        "type": "LineString",
        "coordinates": [
          [
            106.7069608,
            10.7889656
          ],
          [
            106.7069696,
            10.7890633
          ],
          [
            106.7069811,
            10.7891606
          ],
          [
            106.7069878,
            10.7892092
          ],
          [
            106.7069877,
            10.7892583
          ],
          [
            106.706981,
            10.789307
          ],
          [
            106.7069677,
            10.7893543
          ],
          [
            106.7069495,
            10.7893964
          ],
          [
            106.7069261,
            10.7894359
          ],
          [
            106.7068903,
            10.7894758
          ],
          [
            106.7068618,
            10.789521
          ],
          [
            106.7068416,
            10.7895703
          ],
          [
            106.7068326,
            10.7896068
          ],
          [
            106.7068281,
            10.7896441
          ],
          [
            106.7068282,
            10.7896816
          ],
          [
            106.7068302,
            10.789715
          ],
          [
            106.7068279,
            10.7897483
          ],
          [
            106.7068215,
            10.7897811
          ],
          [
            106.7068092,
            10.789817
          ],
          [
            106.706792,
            10.7898509
          ],
          [
            106.7067717,
            10.7898793
          ],
          [
            106.706756,
            10.7899102
          ],
          [
            106.706745,
            10.7899431
          ],
          [
            106.7067395,
            10.7899736
          ],
          [
            106.7067382,
            10.7900045
          ],
          [
            106.706741,
            10.7900354
          ],
          [
            106.7067634,
            10.790144
          ]
        ]
      },
      "id": "way/1276351268"
    },
    {
      "type": "Feature",
      "properties": {
        "@id": "way/1276351269",
        "highway": "footway"
      },
      "geometry": {
        "type": "LineString",
        "coordinates": [
          [
            106.7068368,
            10.7886403
          ],
          [
            106.7069194,
            10.7887351
          ],
          [
            106.7069374,
            10.7887613
          ],
          [
            106.7069499,
            10.7887904
          ],
          [
            106.7069558,
            10.7888171
          ],
          [
            106.7069583,
            10.7888701
          ]
        ]
      },
      "id": "way/1276351269"
    },
    {
      "type": "Feature",
      "properties": {
        "@id": "way/1276351271",
        "bridge": "yes",
        "highway": "footway"
      },
      "geometry": {
        "type": "LineString",
        "coordinates": [
          [
            106.7069583,
            10.7888701
          ],
          [
            106.7069608,
            10.7889656
          ]
        ]
      },
      "id": "way/1276351271"
    },
    {
      "type": "Feature",
      "properties": {
        "@id": "way/1276351273",
        "highway": "footway"
      },
      "geometry": {
        "type": "LineString",
        "coordinates": [
          [
            106.7058778,
            10.7893932
          ],
          [
            106.7062026,
            10.7896606
          ],
          [
            106.7062396,
            10.7896974
          ],
          [
            106.7062743,
            10.7897363
          ],
          [
            106.7063142,
            10.7897879
          ],
          [
            106.7063499,
            10.7898423
          ]
        ]
      },
      "id": "way/1276351273"
    },
    {
      "type": "Feature",
      "properties": {
        "@id": "way/1276351274",
        "highway": "footway"
      },
      "geometry": {
        "type": "LineString",
        "coordinates": [
          [
            106.7064909,
            10.7894412
          ],
          [
            106.7064734,
            10.7894138
          ],
          [
            106.706458,
            10.7893852
          ],
          [
            106.7064448,
            10.7893557
          ],
          [
            106.7064339,
            10.7893253
          ],
          [
            106.706316,
            10.7889717
          ]
        ]
      },
      "id": "way/1276351274"
    },
    {
      "type": "Feature",
      "properties": {
        "@id": "way/1276351275",
        "highway": "footway"
      },
      "geometry": {
        "type": "LineString",
        "coordinates": [
          [
            106.7065465,
            10.7893371
          ],
          [
            106.7065275,
            10.7893522
          ],
          [
            106.7065119,
            10.7893707
          ],
          [
            106.7065003,
            10.7893918
          ],
          [
            106.7064929,
            10.789416
          ],
          [
            106.7064909,
            10.7894412
          ],
          [
            106.7064914,
            10.7897798
          ]
        ]
      },
      "id": "way/1276351275"
    },
    {
      "type": "Feature",
      "properties": {
        "@id": "way/1276351276",
        "highway": "footway"
      },
      "geometry": {
        "type": "LineString",
        "coordinates": [
          [
            106.7055126,
            10.7899617
          ],
          [
            106.7058291,
            10.7900275
          ],
          [
            106.7058916,
            10.7900156
          ],
          [
            106.7059534,
            10.7900008
          ],
          [
            106.706034,
            10.7899765
          ],
          [
            106.7061127,
            10.7899471
          ],
          [
            106.7063499,
            10.7898423
          ],
          [
            106.7064914,
            10.7897798
          ],
          [
            106.7065814,
            10.789735
          ],
          [
            106.7066043,
            10.7897189
          ],
          [
            106.7066237,
            10.7896989
          ],
          [
            106.7066391,
            10.7896757
          ],
          [
            106.706649,
            10.7896526
          ],
          [
            106.7066549,
            10.7896283
          ],
          [
            106.7066565,
            10.7896033
          ],
          [
            106.7066546,
            10.7895621
          ],
          [
            106.7066471,
            10.7895216
          ],
          [
            106.7066216,
            10.7894162
          ],
          [
            106.7066119,
            10.7893921
          ],
          [
            106.7066033,
            10.7893798
          ],
          [
            106.7065928,
            10.7893691
          ],
          [
            106.7065465,
            10.7893371
          ],
          [
            106.7065337,
            10.7893145
          ],
          [
            106.7065264,
            10.7892897
          ],
          [
            106.7065251,
            10.7892621
          ],
          [
            106.7065305,
            10.789235
          ],
          [
            106.7065794,
            10.7891211
          ],
          [
            106.7069499,
            10.7887904
          ]
        ]
      },
      "id": "way/1276351276"
    },
    {
      "type": "Feature",
      "properties": {
        "@id": "way/1276531127",
        "highway": "footway"
      },
      "geometry": {
        "type": "LineString",
        "coordinates": [
          [
            106.7057319,
            10.7891164
          ],
          [
            106.7054898,
            10.7893332
          ],
          [
            106.7051849,
            10.7890028
          ],
          [
            106.704878,
            10.7886714
          ]
        ]
      },
      "id": "way/1276531127"
    },
    {
      "type": "Feature",
      "properties": {
        "@id": "way/1276531128",
        "highway": "footway"
      },
      "geometry": {
        "type": "LineString",
        "coordinates": [
          [
            106.7058465,
            10.7886854
          ],
          [
            106.7057093,
            10.7885349
          ],
          [
            106.7055802,
            10.7883933
          ],
          [
            106.7055688,
            10.7883755
          ],
          [
            106.7055636,
            10.7883551
          ],
          [
            106.7055651,
            10.7883342
          ],
          [
            106.7055732,
            10.7883147
          ],
          [
            106.705587,
            10.7882987
          ],
          [
            106.7056044,
            10.788288
          ],
          [
            106.7056242,
            10.7882829
          ],
          [
            106.7056447,
            10.7882839
          ],
          [
            106.7056639,
            10.7882908
          ],
          [
            106.7056802,
            10.788303
          ],
          [
            106.7058446,
            10.7884823
          ],
          [
            106.7059508,
            10.7885981
          ]
        ]
      },
      "id": "way/1276531128"
    },
    {
      "type": "Feature",
      "properties": {
        "@id": "way/1276531129",
        "highway": "footway"
      },
      "geometry": {
        "type": "LineString",
        "coordinates": [
          [
            106.7053572,
            10.7882451
          ],
          [
            106.7056623,
            10.7885769
          ],
          [
            106.7058847,
            10.7888187
          ]
        ]
      },
      "id": "way/1276531129"
    },
    {
      "type": "Feature",
      "properties": {
        "@id": "way/1276531130",
        "highway": "footway"
      },
      "geometry": {
        "type": "LineString",
        "coordinates": [
          [
            106.7051849,
            10.7890028
          ],
          [
            106.7054697,
            10.7887487
          ],
          [
            106.7056623,
            10.7885769
          ],
          [
            106.7057093,
            10.7885349
          ]
        ]
      },
      "id": "way/1276531130"
    },
    {
      "type": "Feature",
      "properties": {
        "@id": "way/1276531131",
        "highway": "footway"
      },
      "geometry": {
        "type": "LineString",
        "coordinates": [
          [
            106.7066632,
            10.7873828
          ],
          [
            106.706712,
            10.7873864
          ],
          [
            106.7067343,
            10.7874213
          ],
          [
            106.7067429,
            10.7874288
          ],
          [
            106.7067541,
            10.7874315
          ]
        ]
      },
      "id": "way/1276531131"
    },
    {
      "type": "Feature",
      "properties": {
        "@id": "way/1276531132",
        "highway": "footway"
      },
      "geometry": {
        "type": "LineString",
        "coordinates": [
          [
            106.7067252,
            10.7875158
          ],
          [
            106.7067457,
            10.7874783
          ],
          [
            106.7067512,
            10.7874645
          ],
          [
            106.7067543,
            10.7874481
          ],
          [
            106.7067541,
            10.7874315
          ],
          [
            106.7067665,
            10.7874282
          ],
          [
            106.7067754,
            10.787419
          ],
          [
            106.7067843,
            10.7874137
          ],
          [
            106.7067918,
            10.787414
          ],
          [
            106.7067983,
            10.7874177
          ],
          [
            106.7068094,
            10.7874223
          ],
          [
            106.7068215,
            10.7874218
          ],
          [
            106.7068315,
            10.787417
          ],
          [
            106.7068387,
            10.7874086
          ],
          [
            106.7068476,
            10.7873926
          ]
        ]
      },
      "id": "way/1276531132"
    },
    {
      "type": "Feature",
      "properties": {
        "@id": "way/1276531133",
        "highway": "footway"
      },
      "geometry": {
        "type": "LineString",
        "coordinates": [
          [
            106.7067252,
            10.7875158
          ],
          [
            106.7067926,
            10.7876075
          ]
        ]
      },
      "id": "way/1276531133"
    },
    {
      "type": "Feature",
      "properties": {
        "@id": "way/1276531134",
        "highway": "footway"
      },
      "geometry": {
        "type": "LineString",
        "coordinates": [
          [
            106.7066197,
            10.7873145
          ],
          [
            106.7066632,
            10.7873828
          ]
        ]
      },
      "id": "way/1276531134"
    },
    {
      "type": "Feature",
      "properties": {
        "@id": "way/1276531135",
        "highway": "footway"
      },
      "geometry": {
        "type": "LineString",
        "coordinates": [
          [
            106.706712,
            10.7873864
          ],
          [
            106.7067355,
            10.7873495
          ],
          [
            106.7067487,
            10.7873391
          ],
          [
            106.7067646,
            10.7873335
          ],
          [
            106.7067801,
            10.7873332
          ],
          [
            106.7067949,
            10.7873374
          ],
          [
            106.7068077,
            10.7873458
          ],
          [
            106.7068174,
            10.7873576
          ],
          [
            106.7068396,
            10.7873829
          ],
          [
            106.7068476,
            10.7873926
          ],
          [
            106.7068537,
            10.7874035
          ],
          [
            106.7068579,
            10.7874171
          ],
          [
            106.7068592,
            10.7874314
          ],
          [
            106.7068624,
            10.7874509
          ],
          [
            106.7068724,
            10.7874681
          ],
          [
            106.7068894,
            10.7874813
          ],
          [
            106.7069103,
            10.7874872
          ],
          [
            106.7069318,
            10.7874849
          ]
        ]
      },
      "id": "way/1276531135"
    },
    {
      "type": "Feature",
      "properties": {
        "@id": "way/1276531136",
        "highway": "footway"
      },
      "geometry": {
        "type": "LineString",
        "coordinates": [
          [
            106.707288,
            10.7877627
          ],
          [
            106.707319,
            10.7877355
          ]
        ]
      },
      "id": "way/1276531136"
    },
    {
      "type": "Feature",
      "properties": {
        "@id": "way/1276531137",
        "highway": "footway"
      },
      "geometry": {
        "type": "LineString",
        "coordinates": [
          [
            106.7070401,
            10.7873768
          ],
          [
            106.7070508,
            10.7873892
          ],
          [
            106.7070581,
            10.7873909
          ],
          [
            106.7070642,
            10.7873951
          ],
          [
            106.7070679,
            10.7874003
          ],
          [
            106.7070697,
            10.7874063
          ],
          [
            106.7070783,
            10.7874221
          ],
          [
            106.7070912,
            10.7874346
          ],
          [
            106.7071041,
            10.7874447
          ],
          [
            106.7071078,
            10.7874511
          ],
          [
            106.7071081,
            10.7874623
          ],
          [
            106.7071122,
            10.7874745
          ],
          [
            106.7071198,
            10.787485
          ]
        ]
      },
      "id": "way/1276531137"
    },
    {
      "type": "Feature",
      "properties": {
        "@id": "way/1276531138",
        "highway": "footway"
      },
      "geometry": {
        "type": "LineString",
        "coordinates": [
          [
            106.7069735,
            10.787266
          ],
          [
            106.7070143,
            10.7872622
          ],
          [
            106.7070481,
            10.7872556
          ],
          [
            106.707063,
            10.7872539
          ],
          [
            106.7070776,
            10.787257
          ],
          [
            106.7070902,
            10.7872644
          ],
          [
            106.7070998,
            10.7872754
          ],
          [
            106.7071148,
            10.7872988
          ],
          [
            106.7071168,
            10.7873106
          ],
          [
            106.7071125,
            10.7873245
          ]
        ]
      },
      "id": "way/1276531138"
    },
    {
      "type": "Feature",
      "properties": {
        "@id": "way/1276531139",
        "highway": "footway"
      },
      "geometry": {
        "type": "LineString",
        "coordinates": [
          [
            106.7071029,
            10.7875002
          ],
          [
            106.7071198,
            10.787485
          ],
          [
            106.7071504,
            10.7874575
          ],
          [
            106.7071606,
            10.7874457
          ],
          [
            106.7071665,
            10.7874312
          ],
          [
            106.7071673,
            10.7874153
          ],
          [
            106.7071627,
            10.7874
          ],
          [
            106.7071534,
            10.7873871
          ],
          [
            106.707146,
            10.7873712
          ],
          [
            106.7071219,
            10.787339
          ],
          [
            106.7071165,
            10.7873307
          ],
          [
            106.7071125,
            10.7873245
          ]
        ]
      },
      "id": "way/1276531139"
    },
    {
      "type": "Feature",
      "properties": {
        "@id": "way/1276531140",
        "highway": "footway"
      },
      "geometry": {
        "type": "LineString",
        "coordinates": [
          [
            106.7071125,
            10.7873245
          ],
          [
            106.7070984,
            10.7873232
          ],
          [
            106.7070853,
            10.7873284
          ],
          [
            106.7070772,
            10.7873372
          ],
          [
            106.7070733,
            10.7873485
          ],
          [
            106.707067,
            10.7873548
          ],
          [
            106.7070588,
            10.7873584
          ],
          [
            106.7070513,
            10.7873606
          ],
          [
            106.7070451,
            10.7873653
          ],
          [
            106.7070401,
            10.7873768
          ],
          [
            106.7070131,
            10.787401
          ]
        ]
      },
      "id": "way/1276531140"
    },
    {
      "type": "Feature",
      "properties": {
        "@id": "way/1276531141",
        "highway": "footway"
      },
      "geometry": {
        "type": "LineString",
        "coordinates": [
          [
            106.7072036,
            10.7877994
          ],
          [
            106.7072523,
            10.7877569
          ],
          [
            106.7072647,
            10.7877528
          ],
          [
            106.7072776,
            10.7877549
          ],
          [
            106.707288,
            10.7877627
          ],
          [
            106.7072932,
            10.7877731
          ],
          [
            106.7072933,
            10.7877846
          ],
          [
            106.7072885,
            10.7877951
          ],
          [
            106.7072405,
            10.7878383
          ]
        ]
      },
      "id": "way/1276531141"
    },
    {
      "type": "Feature",
      "properties": {
        "@id": "way/1276531142",
        "highway": "footway"
      },
      "geometry": {
        "type": "LineString",
        "coordinates": [
          [
            106.7066632,
            10.7873828
          ],
          [
            106.7066491,
            10.7874388
          ],
          [
            106.7066435,
            10.7874484
          ],
          [
            106.7066408,
            10.7874592
          ],
          [
            106.7066416,
            10.7874732
          ],
          [
            106.7066471,
            10.7874862
          ],
          [
            106.7066763,
            10.7875162
          ],
          [
            106.7066869,
            10.7875201
          ],
          [
            106.7066981,
            10.7875218
          ],
          [
            106.7067121,
            10.7875206
          ],
          [
            106.7067252,
            10.7875158
          ]
        ]
      },
      "id": "way/1276531142"
    },
    {
      "type": "Feature",
      "properties": {
        "@id": "way/1276531143",
        "highway": "footway"
      },
      "geometry": {
        "type": "LineString",
        "coordinates": [
          [
            106.7071902,
            10.7878485
          ],
          [
            106.707223,
            10.7878198
          ]
        ]
      },
      "id": "way/1276531143"
    },
    {
      "type": "Feature",
      "properties": {
        "@id": "way/1276531144",
        "highway": "footway"
      },
      "geometry": {
        "type": "LineString",
        "coordinates": [
          [
            106.7071409,
            10.7877968
          ],
          [
            106.7071734,
            10.7877675
          ]
        ]
      },
      "id": "way/1276531144"
    },
    {
      "type": "Feature",
      "properties": {
        "@id": "way/1276531145",
        "highway": "footway"
      },
      "geometry": {
        "type": "LineString",
        "coordinates": [
          [
            106.7070897,
            10.7877431
          ],
          [
            106.7071105,
            10.78772
          ]
        ]
      },
      "id": "way/1276531145"
    },
    {
      "type": "Feature",
      "properties": {
        "@id": "way/1276531146",
        "highway": "footway"
      },
      "geometry": {
        "type": "LineString",
        "coordinates": [
          [
            106.7067926,
            10.7876075
          ],
          [
            106.7068262,
            10.7876332
          ],
          [
            106.7068614,
            10.7876568
          ],
          [
            106.7069274,
            10.7876929
          ],
          [
            106.7069618,
            10.7877083
          ],
          [
            106.7069972,
            10.7877213
          ],
          [
            106.7070429,
            10.7877342
          ],
          [
            106.7070897,
            10.7877431
          ],
          [
            106.7071409,
            10.7877968
          ],
          [
            106.7071902,
            10.7878485
          ],
          [
            106.7072486,
            10.7879097
          ],
          [
            106.7072801,
            10.7878801
          ],
          [
            106.7072405,
            10.7878383
          ],
          [
            106.707223,
            10.7878198
          ],
          [
            106.7072036,
            10.7877994
          ],
          [
            106.7071734,
            10.7877675
          ],
          [
            106.707144,
            10.7877365
          ],
          [
            106.7071105,
            10.78772
          ],
          [
            106.7070857,
            10.7876924
          ],
          [
            106.7069137,
            10.7875004
          ]
        ]
      },
      "id": "way/1276531146"
    },
    {
      "type": "Feature",
      "properties": {
        "@id": "way/1276531147",
        "highway": "footway"
      },
      "geometry": {
        "type": "LineString",
        "coordinates": [
          [
            106.7070857,
            10.7876924
          ],
          [
            106.7071936,
            10.7876002
          ]
        ]
      },
      "id": "way/1276531147"
    },
    {
      "type": "Feature",
      "properties": {
        "@id": "way/1276531148",
        "highway": "footway"
      },
      "geometry": {
        "type": "LineString",
        "coordinates": [
          [
            106.7069506,
            10.7873321
          ],
          [
            106.7070131,
            10.787401
          ],
          [
            106.7070211,
            10.78741
          ],
          [
            106.7071029,
            10.7875002
          ],
          [
            106.7071936,
            10.7876002
          ],
          [
            106.707319,
            10.7877355
          ],
          [
            106.707386,
            10.7878062
          ]
        ]
      },
      "id": "way/1276531148"
    },
    {
      "type": "Feature",
      "properties": {
        "@id": "way/1276531149",
        "highway": "footway"
      },
      "geometry": {
        "type": "LineString",
        "coordinates": [
          [
            106.7067533,
            10.7876422
          ],
          [
            106.7067926,
            10.7876075
          ],
          [
            106.7069137,
            10.7875004
          ],
          [
            106.7069318,
            10.7874849
          ],
          [
            106.706965,
            10.7874566
          ],
          [
            106.7070211,
            10.78741
          ]
        ]
      },
      "id": "way/1276531149"
    },
    {
      "type": "Feature",
      "properties": {
        "@id": "way/1276531150",
        "highway": "footway"
      },
      "geometry": {
        "type": "LineString",
        "coordinates": [
          [
            106.7068537,
            10.7874035
          ],
          [
            106.7068877,
            10.7873736
          ],
          [
            106.7069251,
            10.7873406
          ]
        ]
      },
      "id": "way/1276531150"
    },
    {
      "type": "Feature",
      "properties": {
        "@id": "way/1276531151",
        "highway": "footway"
      },
      "geometry": {
        "type": "LineString",
        "coordinates": [
          [
            106.7069251,
            10.7873406
          ],
          [
            106.7069109,
            10.7873355
          ],
          [
            106.7068979,
            10.7873281
          ],
          [
            106.7068871,
            10.7873193
          ],
          [
            106.7068778,
            10.787309
          ],
          [
            106.7068733,
            10.7872998
          ],
          [
            106.7068708,
            10.7872899
          ],
          [
            106.7068712,
            10.7872732
          ],
          [
            106.7068772,
            10.7872576
          ],
          [
            106.7068882,
            10.7872448
          ],
          [
            106.7069026,
            10.7872345
          ],
          [
            106.706919,
            10.787228
          ],
          [
            106.7069381,
            10.7872286
          ],
          [
            106.7069552,
            10.7872369
          ],
          [
            106.706965,
            10.7872471
          ],
          [
            106.706972,
            10.7872593
          ],
          [
            106.7069735,
            10.787266
          ],
          [
            106.7069763,
            10.7872782
          ],
          [
            106.706974,
            10.7872975
          ],
          [
            106.7069665,
            10.7873151
          ],
          [
            106.7069542,
            10.7873301
          ],
          [
            106.7069506,
            10.7873321
          ],
          [
            106.7069406,
            10.7873378
          ],
          [
            106.7069251,
            10.7873406
          ]
        ]
      },
      "id": "way/1276531151"
    },
    {
      "type": "Feature",
      "properties": {
        "@id": "way/1276531152",
        "highway": "footway"
      },
      "geometry": {
        "type": "LineString",
        "coordinates": [
          [
            106.7068174,
            10.7873576
          ],
          [
            106.7068491,
            10.7873321
          ],
          [
            106.7068778,
            10.787309
          ]
        ]
      },
      "id": "way/1276531152"
    },
    {
      "type": "Feature",
      "properties": {
        "@id": "way/1276531153",
        "highway": "footway"
      },
      "geometry": {
        "type": "LineString",
        "coordinates": [
          [
            106.7073658,
            10.7870393
          ],
          [
            106.7073985,
            10.7870389
          ],
          [
            106.7074307,
            10.7870452
          ],
          [
            106.7074556,
            10.7870553
          ],
          [
            106.7074784,
            10.7870695
          ],
          [
            106.7074984,
            10.7870873
          ],
          [
            106.7076246,
            10.7872354
          ],
          [
            106.7076169,
            10.7872713
          ],
          [
            106.7076399,
            10.7872985
          ],
          [
            106.7076606,
            10.7873031
          ],
          [
            106.7076818,
            10.7873018
          ],
          [
            106.7077014,
            10.7872948
          ],
          [
            106.7077183,
            10.7872827
          ],
          [
            106.7078823,
            10.7871489
          ]
        ]
      },
      "id": "way/1276531153"
    },
    {
      "type": "Feature",
      "properties": {
        "@id": "way/1276531154",
        "highway": "footway"
      },
      "geometry": {
        "type": "LineString",
        "coordinates": [
          [
            106.706956,
            10.7871104
          ],
          [
            106.7070877,
            10.787201
          ],
          [
            106.7071074,
            10.7872188
          ],
          [
            106.7071252,
            10.7872385
          ],
          [
            106.7071437,
            10.7872645
          ],
          [
            106.7071588,
            10.7872925
          ],
          [
            106.7072345,
            10.787423
          ],
          [
            106.7073304,
            10.7873406
          ],
          [
            106.7073356,
            10.7873235
          ],
          [
            106.7073438,
            10.7873077
          ],
          [
            106.7073592,
            10.7872892
          ],
          [
            106.7073786,
            10.787275
          ],
          [
            106.707401,
            10.7872658
          ],
          [
            106.707425,
            10.7872622
          ],
          [
            106.7073658,
            10.7870393
          ],
          [
            106.7073354,
            10.786925
          ]
        ]
      },
      "id": "way/1276531154"
    },
    {
      "type": "Feature",
      "properties": {
        "@id": "way/1276531156",
        "highway": "footway"
      },
      "geometry": {
        "type": "LineString",
        "coordinates": [
          [
            106.706965,
            10.7874566
          ],
          [
            106.7068877,
            10.7873736
          ],
          [
            106.7068491,
            10.7873321
          ],
          [
            106.7067585,
            10.7872349
          ]
        ]
      },
      "id": "way/1276531156"
    },
    {
      "type": "Feature",
      "properties": {
        "@id": "way/1288735258",
        "highway": "service",
        "oneway": "yes"
      },
      "geometry": {
        "type": "LineString",
        "coordinates": [
          [
            106.7048776,
            10.7871193
          ],
          [
            106.7049339,
            10.7869619
          ],
          [
            106.70495,
            10.7868908
          ]
        ]
      },
      "id": "way/1288735258"
    },
    {
      "type": "Feature",
      "properties": {
        "@id": "way/1288735259",
        "highway": "service",
        "oneway": "yes"
      },
      "geometry": {
        "type": "LineString",
        "coordinates": [
          [
            106.7050397,
            10.7868942
          ],
          [
            106.7050117,
            10.7869894
          ],
          [
            106.7049812,
            10.7870752
          ],
          [
            106.7049362,
            10.7871818
          ]
        ]
      },
      "id": "way/1288735259"
    },
    {
      "type": "Feature",
      "properties": {
        "@id": "way/1288735260",
        "highway": "service",
        "junction": "roundabout",
        "oneway": "yes"
      },
      "geometry": {
        "type": "LineString",
        "coordinates": [
          [
            106.7049996,
            10.7867715
          ],
          [
            106.7050233,
            10.7867765
          ],
          [
            106.7050438,
            10.7867892
          ],
          [
            106.7050586,
            10.786808
          ],
          [
            106.705066,
            10.7868307
          ],
          [
            106.7050651,
            10.7868545
          ],
          [
            106.705056,
            10.7868765
          ],
          [
            106.7050397,
            10.7868942
          ],
          [
            106.7050182,
            10.7869053
          ],
          [
            106.7049942,
            10.7869085
          ],
          [
            106.7049705,
            10.7869035
          ],
          [
            106.70495,
            10.7868908
          ],
          [
            106.7049352,
            10.786872
          ],
          [
            106.7049278,
            10.7868493
          ],
          [
            106.7049287,
            10.7868255
          ],
          [
            106.7049378,
            10.7868035
          ],
          [
            106.7049541,
            10.7867858
          ],
          [
            106.7049756,
            10.7867747
          ],
          [
            106.7049996,
            10.7867715
          ]
        ]
      },
      "id": "way/1288735260"
    },
    {
      "type": "Feature",
      "properties": {
        "@id": "way/1296796225",
        "highway": "service",
        "service": "alley"
      },
      "geometry": {
        "type": "LineString",
        "coordinates": [
          [
            106.7042871,
            10.7914291
          ],
          [
            106.7047446,
            10.7913305
          ]
        ]
      },
      "id": "way/1296796225"
    },
    {
      "type": "Feature",
      "properties": {
        "@id": "way/1324830728",
        "highway": "footway"
      },
      "geometry": {
        "type": "LineString",
        "coordinates": [
          [
            106.707382,
            10.790578
          ],
          [
            106.707512,
            10.7906257
          ]
        ]
      },
      "id": "way/1324830728"
    },
    {
      "type": "Feature",
      "properties": {
        "@id": "way/1324830731",
        "bridge": "yes",
        "footway": "sidewalk",
        "highway": "footway",
        "layer": "1",
        "surface": "paving_stones"
      },
      "geometry": {
        "type": "LineString",
        "coordinates": [
          [
            106.7058601,
            10.7909911
          ],
          [
            106.7067367,
            10.7919271
          ]
        ]
      },
      "id": "way/1324830731"
    },
    {
      "type": "Feature",
      "properties": {
        "@id": "way/1324830732",
        "footway": "sidewalk",
        "highway": "footway"
      },
      "geometry": {
        "type": "LineString",
        "coordinates": [
          [
            106.7067888,
            10.7919838
          ],
          [
            106.7068036,
            10.7919695
          ]
        ]
      },
      "id": "way/1324830732"
    },
    {
      "type": "Feature",
      "properties": {
        "@id": "way/1333423011",
        "highway": "service",
        "service": "alley"
      },
      "geometry": {
        "type": "LineString",
        "coordinates": [
          [
            106.7041807,
            10.7912312
          ],
          [
            106.7038127,
            10.7913308
          ],
          [
            106.7034902,
            10.791404
          ],
          [
            106.7032422,
            10.7914772
          ],
          [
            106.7031474,
            10.7915997
          ],
          [
            106.7032629,
            10.7917082
          ]
        ]
      },
      "id": "way/1333423011"
    },
    {
      "type": "Feature",
      "properties": {
        "@id": "way/1344968594",
        "highway": "service",
        "layer": "-1"
      },
      "geometry": {
        "type": "LineString",
        "coordinates": [
          [
            106.7030677,
            10.7863495
          ],
          [
            106.7028541,
            10.7861183
          ],
          [
            106.702781,
            10.7861145
          ],
          [
            106.7025621,
            10.7858802
          ],
          [
            106.7024721,
            10.7857839
          ]
        ]
      },
      "id": "way/1344968594"
    },
    {
      "type": "Feature",
      "properties": {
        "@id": "way/1344970225",
        "highway": "service"
      },
      "geometry": {
        "type": "LineString",
        "coordinates": [
          [
            106.7028245,
            10.7854521
          ],
          [
            106.7029193,
            10.7855555
          ],
          [
            106.703138,
            10.7857861
          ],
          [
            106.7031886,
            10.7859571
          ],
          [
            106.7032611,
            10.7860394
          ]
        ]
      },
      "id": "way/1344970225"
    },
    {
      "type": "Feature",
      "properties": {
        "@id": "way/1366273358",
        "access": "yes",
        "bicycle": "unknown",
        "check_date": "2025-03-11",
        "foot": "yes",
        "highway": "pedestrian",
        "horse": "unknown",
        "motor_vehicle": "unknown",
        "surface": "concrete",
        "tunnel": "building_passage"
      },
      "geometry": {
        "type": "LineString",
        "coordinates": [
          [
            106.7045629,
            10.7911273
          ],
          [
            106.7046814,
            10.7909801
          ]
        ]
      },
      "id": "way/1366273358"
    },
    {
      "type": "Feature",
      "properties": {
        "@id": "way/1462539612",
        "highway": "footway"
      },
      "geometry": {
        "type": "LineString",
        "coordinates": [
          [
            106.705674,
            10.7910072
          ],
          [
            106.7056468,
            10.7910906
          ],
          [
            106.7056032,
            10.7912477
          ],
          [
            106.7055371,
            10.7914214
          ],
          [
            106.705484,
            10.7915963
          ],
          [
            106.7053762,
            10.7918039
          ],
          [
            106.7053546,
            10.7918614
          ],
          [
            106.7052089,
            10.7919117
          ],
          [
            106.7047872,
            10.7920673
          ],
          [
            106.7044076,
            10.7922072
          ],
          [
            106.704159,
            10.7922785
          ],
          [
            106.7038068,
            10.7923645
          ],
          [
            106.7034299,
            10.7924575
          ],
          [
            106.7034025,
            10.792453
          ],
          [
            106.7033827,
            10.7924289
          ],
          [
            106.7032648,
            10.7924616
          ],
          [
            106.7032603,
            10.7924917
          ],
          [
            106.7032346,
            10.7925078
          ],
          [
            106.7030365,
            10.7925627
          ],
          [
            106.7027726,
            10.7926148
          ],
          [
            106.7026697,
            10.7926244
          ],
          [
            106.7025816,
            10.7926836
          ],
          [
            106.7024615,
            10.7926938
          ],
          [
            106.7021182,
            10.7927334
          ],
          [
            106.7017843,
            10.7927887
          ],
          [
            106.7016703,
            10.7928032
          ],
          [
            106.7015358,
            10.7928246
          ],
          [
            106.7014098,
            10.7928526
          ],
          [
            106.7008904,
            10.7929297
          ],
          [
            106.7006832,
            10.7929639
          ]
        ]
      },
      "id": "way/1462539612"
    },
    {
      "type": "Feature",
      "properties": {
        "@id": "way/1462539613",
        "footway": "sidewalk",
        "highway": "footway"
      },
      "geometry": {
        "type": "LineString",
        "coordinates": [
          [
            106.7028662,
            10.7918516
          ],
          [
            106.7032712,
            10.7922692
          ],
          [
            106.7033335,
            10.7923001
          ],
          [
            106.7036,
            10.792238
          ],
          [
            106.7040023,
            10.7921443
          ],
          [
            106.7043282,
            10.7920442
          ],
          [
            106.7045404,
            10.7919703
          ],
          [
            106.7046901,
            10.7919182
          ],
          [
            106.7050349,
            10.7917827
          ],
          [
            106.7050927,
            10.79176
          ],
          [
            106.7052457,
            10.79174
          ],
          [
            106.7053448,
            10.7916696
          ],
          [
            106.7053944,
            10.7915201
          ],
          [
            106.7055256,
            10.7911431
          ],
          [
            106.70554,
            10.7910616
          ],
          [
            106.7055783,
            10.7909061
          ]
        ]
      },
      "id": "way/1462539613"
    },
    {
      "type": "Feature",
      "properties": {
        "@id": "way/1544382384",
        "footway": "sidewalk",
        "highway": "footway"
      },
      "geometry": {
        "type": "LineString",
        "coordinates": [
          [
            106.707952,
            10.784742
          ],
          [
            106.7079098,
            10.7847097
          ],
          [
            106.7078909,
            10.7847133
          ],
          [
            106.7078716,
            10.784717
          ],
          [
            106.7078458,
            10.7847351
          ],
          [
            106.7075489,
            10.7850055
          ],
          [
            106.7057829,
            10.7866214
          ],
          [
            106.7055883,
            10.7867994
          ],
          [
            106.7050426,
            10.7872949
          ],
          [
            106.7041747,
            10.7880645
          ],
          [
            106.7039897,
            10.7882436
          ],
          [
            106.7036432,
            10.7885791
          ],
          [
            106.7036224,
            10.7885966
          ]
        ]
      },
      "id": "way/1544382384"
    },
    {
      "type": "Feature",
      "properties": {
        "@id": "way/1546936050",
        "highway": "service",
        "service": "alley"
      },
      "geometry": {
        "type": "LineString",
        "coordinates": [
          [
            106.7045629,
            10.7911273
          ],
          [
            106.7041807,
            10.7912312
          ]
        ]
      },
      "id": "way/1546936050"
    },
    {
      "type": "Feature",
      "properties": {
        "@id": "way/1550331652",
        "crossing": "marked",
        "footway": "crossing",
        "highway": "footway"
      },
      "geometry": {
        "type": "LineString",
        "coordinates": [
          [
            106.7047105,
            10.7869963
          ],
          [
            106.7047712,
            10.7869445
          ]
        ]
      },
      "id": "way/1550331652"
    },
    {
      "type": "Feature",
      "properties": {
        "@id": "way/1551994929",
        "crossing": "marked",
        "footway": "crossing",
        "highway": "footway"
      },
      "geometry": {
        "type": "LineString",
        "coordinates": [
          [
            106.7074929,
            10.7849497
          ],
          [
            106.7075489,
            10.7850055
          ]
        ]
      },
      "id": "way/1551994929"
    },
    {
      "type": "Feature",
      "properties": {
        "@id": "way/1551994930",
        "crossing": "marked",
        "footway": "crossing",
        "highway": "footway"
      },
      "geometry": {
        "type": "LineString",
        "coordinates": [
          [
            106.7057371,
            10.7865751
          ],
          [
            106.7057829,
            10.7866214
          ]
        ]
      },
      "id": "way/1551994930"
    },
    {
      "type": "Feature",
      "properties": {
        "@id": "way/1551994931",
        "crossing": "marked",
        "footway": "crossing",
        "highway": "footway"
      },
      "geometry": {
        "type": "LineString",
        "coordinates": [
          [
            106.7039897,
            10.7882436
          ],
          [
            106.7039638,
            10.7882168
          ]
        ]
      },
      "id": "way/1551994931"
    },
    {
      "type": "Feature",
      "properties": {
        "@id": "way/1551994932",
        "crossing": "traffic_signals",
        "footway": "crossing",
        "highway": "footway"
      },
      "geometry": {
        "type": "LineString",
        "coordinates": [
          [
            106.7035814,
            10.788743
          ],
          [
            106.7036305,
            10.7886981
          ]
        ]
      },
      "id": "way/1551994932"
    },
    {
      "type": "Feature",
      "properties": {
        "@id": "way/1551994933",
        "crossing": "traffic_signals",
        "footway": "crossing",
        "highway": "footway"
      },
      "geometry": {
        "type": "LineString",
        "coordinates": [
          [
            106.7035553,
            10.7884935
          ],
          [
            106.7036078,
            10.7885463
          ],
          [
            106.7036432,
            10.7885791
          ]
        ]
      },
      "id": "way/1551994933"
    },
    {
      "type": "Feature",
      "properties": {
        "@id": "way/1557754450",
        "highway": "service",
        "service": "alley"
      },
      "geometry": {
        "type": "LineString",
        "coordinates": [
          [
            106.7057694,
            10.7909573
          ],
          [
            106.7058073,
            10.7909434
          ],
          [
            106.7058353,
            10.7909415
          ],
          [
            106.7059278,
            10.7909932
          ],
          [
            106.7062395,
            10.7913267
          ]
        ]
      },
      "id": "way/1557754450"
    }
  ]
}